PLEXOS technology,WEO_tech,Object_type,Operating_class,Mapping to NREL cost data,Mapping to DEA data,Fuel,Cofiring1,Cofiring2,PerformanceVar,CHPtypeETP,CCStype,FUELsub,FUELsimp,VRE,InertiaLOW,InertiaHI,StorageDuration,Category,CategorySub,StackCategory,FUELgas,FDtech,Fuel4,Fuel5,VRE2,VRE3,CategoryWEO,FlexCategory,CapacityCategory,QuickStart,Type,ScaleCat,VREsepcats,ScaleCatCHP,ScaleCat2,CategoryCapacity,RegSplitCat,merge
Battery_distributed,Battery4H,Battery,Battery,Battery,Batteries,,,,1,nonCHP,Battery,Battery,Battery,Battery,0,0,4,Battery,Battery_distributed,Storage,Battery,Battery,Battery,Battery,Battery,Battery,Battery,Battery,Battery,No,Distributed,Battery,Battery,Battery,Battery,Battery,Battery,1
Battery_utility_1h,Battery1HR,Battery,Battery,Battery,Batteries,,,,1,nonCHP,Battery,Battery,Battery,Battery,0,0,1,Battery,Battery_utility,Storage,Battery,Battery,Battery,Battery,Battery,Battery,Battery,Battery,Battery,No,Utility,Battery,Battery,Battery,Battery,Battery,Battery,1
Battery_utility_2h,Battery2HR,Battery,Battery,Battery,Batteries,,,,1,nonCHP,Battery,Battery,Battery,Battery,0,0,2,Battery,Battery_utility,Storage,Battery,Battery,Battery,Battery,Battery,Battery,Battery,Battery,Battery,No,Utility,Battery,Battery,Battery,Battery,Battery,Battery,1
Battery_utility_4h,Battery4HR,Battery,Battery,Battery,Batteries,,,,1,nonCHP,Battery,Battery,Battery,Battery,0,0,4,Battery,Battery_utility,Storage,Battery,Battery,Battery,Battery,Battery,Battery,Battery,Battery,Battery,No,Utility,Battery,Battery,Battery,Battery,Battery,Battery,1
Battery_utility_8h,Battery8HR,Battery,Battery,Battery,Batteries,,,,1,nonCHP,Battery,Battery,Battery,Battery,0,0,8,Battery,Battery_utility,Storage,Battery,Battery,Battery,Battery,Battery,Battery,Battery,Battery,Battery,No,Utility,Battery,Battery,Battery,Battery,Battery,Battery,1
Biogases,Biogases,Generator,OCGT,Biomass,OCGT,Biogas,,,1,nonCHP,Bioenergy,Biomass,Biomass,Non-VRE,2,4,,Bioenergy,Bioenergy,Bioenergy,Biomass,None,RES,Other,Non-VRE,Non-VRE,Bioenergy,Dispatchable,Bioenergy,No,Dispatchable,Hydro_plus,Hydro_plus,Hydro_plus,Hydro_plus,Bioenergy,Biogases,1
Biomass_CHP_Medium,Biomass CHP Medium,Generator,CHP Other,Biomass,CHP Other,Biomass,,,1,DH,Bioenergy,Biomass,Biomass,Non-VRE,2,4,,Bioenergy,Bioenergy,Bioenergy,Biomass,None,RES,Other,Non-VRE,Non-VRE,Bioenergy,Constrained,Bioenergy,No,Constrained,Hydro_plus,Hydro_plus,Hydro_plus,Hydro_plus,Bioenergy,Biomass CHP Medium,1
Biomass_CHP_Small,Biomass CHP Small,Generator,CHP Other,Biomass,CHP Other,Biomass,,,1,Industrial,Bioenergy,Biomass,Biomass,Non-VRE,2,4,,Bioenergy,Bioenergy,Bioenergy,Biomass,None,RES,Other,Non-VRE,Non-VRE,Bioenergy,Constrained,Bioenergy,No,Constrained,Hydro_plus,Hydro_plus,Hydro_plus,Hydro_plus,Bioenergy,Biomass CHP Small,1
Biomass_IGCC_with_CCS,Biomass IGCC with CCS,Generator,IGCC,Biomass,CCS - IGCC,Biomass,,,1,nonCHP,Bioenergy CCS,Biomass,Biomass,Non-VRE,2,4,,Bioenergy,Bioenergy,Bioenergy,Biomass,None,RES,Other,Non-VRE,Non-VRE,Bioenergy,Dispatchable,Bioenergy,No,Dispatchable,Hydro_plus,Hydro_plus,Hydro_plus,Hydro_plus,Bioenergy,Biomass IGCC with CCS,1
Biomass_Power_Plant,Biomass Power Plant,Generator,Biomass dispatchable,Biomass,Biomass power plant (small),Biomass,,,1,nonCHP,Bioenergy,Biomass,Biomass,Non-VRE,2,4,,Bioenergy,Bioenergy,Bioenergy,Biomass,None,RES,Other,Non-VRE,Non-VRE,Bioenergy,Dispatchable,Bioenergy,No,Dispatchable,Hydro_plus,Hydro_plus,Hydro_plus,Hydro_plus,Bioenergy,Biomass Power Plant,1
Coal_CCS,NEW CCS Coal,Generator,CCGT,CCGT,CCS - CCGT,Gas,,,1,nonCHP,Gas CCS,Gas-CCGT,Gas,Non-VRE,4,6,,Gas,Gas,Gas,CCGT,Thermal,Thermal,Gas,Non-VRE,Non-VRE,Gas_CCGT,Dispatchable,Gas_CCGT,No,Dispatchable,Fossil,Fossil,Fossil,Fossil_plus,Gas,CCS CCGT 1,1
Coal_CHP,CHP Coal,Generator,CHP Coal,Coal,CHP Coal,Bituminous coal,,,1,DH,Coal,Bituminous coal,Bituminous coal,Non-VRE,2,4,,Coal,Coal,Coal,Coal,Thermal,Thermal,Coal,Non-VRE,Non-VRE,Coal_IGCC,Dispatchable,Coal_IGCC,No,Dispatchable,Fossil,Fossil,Fossil_CHP,Fossil_plus,Fossil_CHP,CHP Coal,1
Coal_IGCC,Coal IGCC 1,Generator,IGCC,IGCC,CCS - IGCC,Bituminous coal,,,1,nonCHP,Coal,Bituminous coal,Bituminous coal,Non-VRE,2,4,,Coal,Coal,Coal,Coal,Thermal,Thermal,Coal,Non-VRE,Non-VRE,Coal_IGCC,Dispatchable,Coal_IGCC,No,Dispatchable,Fossil,Fossil,Fossil,Fossil_plus,Coal,Coal IGCC 1,1
Coal_IGCC_CCS,CCS IGCC 1,Generator,IGCC,IGCC CCS,CCS - IGCC,Bituminous coal,,,1,nonCHP,Coal CCS,Bituminous coal,Bituminous coal,Non-VRE,2,4,,Coal,Coal,Coal,Coal,Thermal,Thermal,Coal,Non-VRE,Non-VRE,Coal_IGCC,Dispatchable,Coal_IGCC,No,Dispatchable,Fossil,Fossil,Fossil,Fossil_plus,Coal,CCS IGCC 1,1
Coal_Oxyfuel_CCS,CCS Oxyfuel 1,Generator,Coal supercritical,Coal CCS,CCS - Supercritical coal,Bituminous coal,,,1,nonCHP,Coal CCS,Bituminous coal,Bituminous coal,Non-VRE,2,4,,Coal,Coal,Coal,Coal,Thermal,Thermal,Coal,Non-VRE,Non-VRE,Coal_Supercritical,Dispatchable,Coal_Supercritical,No,Dispatchable,Fossil,Fossil,Fossil,Fossil_plus,Coal,CCS Oxyfuel 1,1
Coal_Subcritical_Hard,Coal Subcritical 3,Generator,Coal subcritical,Coal,Coal Subcritical,Bituminous coal,,,1,ex-CHP,Coal,Bituminous coal,Bituminous coal,Non-VRE,2,4,,Coal,Coal,Coal,Coal,Thermal,Thermal,Coal,Non-VRE,Non-VRE,Coal_Subcritical,Dispatchable,Coal_Subcritical,No,Dispatchable,Fossil,Fossil,Fossil,Fossil_plus,Coal,Coal Subcritical 3,1
Coal_Subcritical_Lignite,Coal Subcritical 1,Generator,Coal lignite,Lignite,Coal Subcritical,Lignite,,,1,nonCHP,Coal,Lignite,Lignite,Non-VRE,2,4,,Coal,Coal,Coal,Coal,Thermal,Thermal,Coal,Non-VRE,Non-VRE,Coal_Subcritical,Dispatchable,Coal_Subcritical,No,Dispatchable,Fossil,Fossil,Fossil,Fossil_plus,Coal,Coal Subcritical 1,1
Coal_Supercritical,Coal Supercritical 1,Generator,Coal supercritical,Coal,CCS - Supercritical coal,Bituminous coal,,,1,nonCHP,Coal,Bituminous coal,Bituminous coal,Non-VRE,2,4,,Coal,Coal,Coal,Coal,Thermal,Thermal,Coal,Non-VRE,Non-VRE,Coal_IGCC,Dispatchable,Coal_IGCC,No,Dispatchable,Fossil,Fossil,Fossil,Fossil_plus,Coal,Coal Supercritical 1,1
Coal_Ultrasupercritical,Coal Ultrasupercritical 1,Generator,Coal ultrasupercritical,Coal,Coal Ultra supercritical,Bituminous coal,,,1,nonCHP,Coal,Bituminous coal,Bituminous coal,Non-VRE,2,4,,Coal,Coal,Coal,Coal,Thermal,Thermal,Coal,Non-VRE,Non-VRE,Coal_Supercritical,Dispatchable,Coal_Supercritical,No,Dispatchable,Fossil,Fossil,Fossil,Fossil_plus,Coal,Coal Ultrasupercritical 1,1
Fuel_cell,Fuel Cell 1,Generator,OCGT,OCGT,OCGT,Gas,,,1,nonCHP,Fuel Cell,Fuel Cell,Fuel Cell,Non-VRE,2,4,,Gas,Gas,Fuel Cell,Fuel Cell,Thermal,RES,Other,VRE,VRE,Fuel_cell,Dispatchable,Fuel_cell,No,Dispatchable,Fossil,Fossil,Fossil,Fossil_plus,Fuel Cell,Fuel Cell 1,1
Gas_CCGT,Gas CCGT 1,Generator,CCGT,CCGT,CCS - CCGT,Gas,,,1,nonCHP,Gas,Gas-CCGT,Gas,Non-VRE,4,6,,Gas,Gas,Gas,CCGT,Thermal,Thermal,Gas,Non-VRE,Non-VRE,Gas_CCGT,Dispatchable,Gas_CCGT,No,Dispatchable,Fossil,Fossil,Fossil,Fossil_plus,Gas,Gas CCGT 1,1
Gas_CCGT_CCS,NEW CCS Gas CCGT,Generator,CCGT,CCGT CCS,CCS - CCGT,Gas,,,1,nonCHP,Gas CCS,Gas-CCGT,Gas,Non-VRE,4,6,,Gas,Gas,Gas,CCGT,Thermal,Thermal,Gas,Non-VRE,Non-VRE,Gas_CCGT,Dispatchable,Gas_CCGT,No,Dispatchable,Fossil,Fossil,Fossil,Fossil_plus,Gas,NEW CCS Gas CCGT,1
Gas_CCGT_CHP_CCS,NEW CCS Gas CCGT CHP MaxMin,Generator,CHP Gas,CCGT CCS,CCS - CCGT,Gas,,,1,Industrial,Gas CCS,Gas-CCGT,Gas,Non-VRE,4,6,,Gas,Gas,Gas,CHP,Thermal,Thermal,Gas,Non-VRE,Non-VRE,Gas_CCGT,Dispatchable,Gas_CCGT,No,Dispatchable,Fossil,Fossil,Fossil,Fossil_plus,Gas,NEW CCS Gas CCGT CHP MaxMin,1
Gas_CHP,NEW CHP Gas,Generator,CHP Gas,OCGT,OCGT,Gas,,,1,Industrial,Gas,Gas-OCGT,Gas,Non-VRE,4,6,,Gas,Gas,Gas,OCGT,Thermal,Thermal,Gas,Non-VRE,Non-VRE,Gas_GT,Dispatchable,Gas_GT,Yes,Dispatchable,Fossil,Fossil,Fossil_CHP,Fossil_plus,Fossil_CHP,NEW CHP Gas,1
Gas_GT,Gas GT 1,Generator,OCGT,OCGT,OCGT,Gas,,,1,nonCHP,Gas,Gas-OCGT,Gas,Non-VRE,4,6,,Gas,Gas,Gas,OCGT,Thermal,Thermal,Gas,Non-VRE,Non-VRE,Gas_GT,Dispatchable,Gas_GT,Yes,Dispatchable,Fossil,Fossil,Fossil,Fossil_plus,Gas,Gas GT 1,1
Gas_Steam,Gas Steam 1,Generator,Steam turbine (Gas/Oil),OCGT,Steam turbine (Gas/Oil),Gas,,,1,nonCHP,Gas,Gas-steam,Gas,Non-VRE,4,6,,Gas,Gas,Gas,Thermal_gas,Thermal,Thermal,Gas,Non-VRE,Non-VRE,Gas_steam,Dispatchable,Gas_steam,No,Dispatchable,Fossil,Fossil,Fossil,Fossil_plus,Gas,Gas Steam 1,1
Geothermal,Geothermal Elec,Generator,Geothermal,Geothermal,Geothermal,,,,1,nonCHP,Geothermal,Geothermal,Geothermal,Non-VRE,0,0,,Geothermal,Geothermal,Geothermal,Geothermal,Thermal,RES,Other,Non-VRE,Non-VRE,Geothermal,Constrained,Geothermal,No,Constrained,Hydro_plus,Hydro_plus,Hydro_plus,Hydro_plus,Geothermal,Geothermal Elec,1
Geothermal_CHP,Geothermal CHP,Generator,CHP Other,Geothermal,CHP Other,,,,1,DH,Geothermal,Geothermal,Geothermal,Non-VRE,0,0,,Geothermal,Geothermal,Geothermal,Geothermal,Thermal,RES,Other,Non-VRE,Non-VRE,Geothermal,Constrained,Geothermal,No,Constrained,Hydro_plus,Hydro_plus,Hydro_plus,Hydro_plus,Geothermal,Geothermal CHP,1
Hydro_PSH,Hydro PSH,Generator,Hydro PSH,PSH,Hydro pumped storage,,,,1,nonCHP,Hydro,Hydro,Hydro,Non-VRE,2,4,10,Hydro,Hydro,Hydro,Storage,Hydro,Hydro,Hydro,Non-VRE,Non-VRE,Hydro,Pump,Hydro,Yes,Pump,Hydro_plus,Hydro_plus,Hydro_plus,Hydro_plus,Hydro,Hydro PSH,1
Hydro_Pumpback_PSH,Hydro Pumpback PSH,Generator,Hydro_Pumpback_PSH,PSH,Hydro pumped storage,,,,1,nonCHP,Hydro,Hydro,Hydro,Non-VRE,2,4,10,Hydro,Hydro,Hydro,Storage,Hydro,Hydro,Hydro,Non-VRE,Non-VRE,Hydro,Pump,Hydro,Yes,Pump,Hydro_plus,Hydro_plus,Hydro_plus,Hydro_plus,Hydro,Hydro Pumpback PSH,1
Hydro_Reservoir,Hydro Reservoir,Generator,Hydro Reservoir,Hydro,Large hydro power plant,,,,1,nonCHP,Hydro,Hydro,Hydro,Non-VRE,2,4,,Hydro,Hydro,Hydro,Hydro,Hydro,Hydro,Hydro,Non-VRE,Non-VRE,Hydro,Dispatchable,Hydro,Yes,Dispatchable,Hydro_plus,Hydro_plus,Hydro_plus,Hydro_plus,Hydro,Hydro Reservoir,1
Hydro_RoR,Hydro RoR,Generator,Hydro RoR,Hydro,Mini-micro hydro power plant,,,,1,nonCHP,Hydro,Hydro,Hydro,Non-VRE,2,4,,Hydro,Hydro,Hydro,Hydro,Hydro,Hydro,Hydro,Non-VRE,Non-VRE,Hydro,Constrained,Hydro,No,Constrained,Hydro_plus,Hydro_plus,Hydro_plus,Hydro_plus,Hydro,Hydro RoR,1
Hydro_RoRpondage,Hydro RoRpondage,Generator,Hydro RoRpondage,Hydro,Medium-small hydro power plant,,,,1,nonCHP,Hydro,Hydro,Hydro,Non-VRE,2,4,,Hydro,Hydro,Hydro,Hydro,Hydro,Hydro,Hydro,Non-VRE,Non-VRE,Hydro,Dispatchable,Hydro,Yes,Dispatchable,Hydro_plus,Hydro_plus,Hydro_plus,Hydro_plus,Hydro,Hydro RoRpondage,1
Marine,Tide And Wave,Generator,Ocean energy,Ocean energy,Tidal Stream,,,,1,nonCHP,Marine,Ocean,Ocean,Non-VRE,0,0,,Other RE,Marine,Other,Ocean,Marine,RES,Other,Ocean,Ocean,Marine,Constrained,Marine,No,Constrained,Hydro_plus,Hydro_plus,Hydro_plus,Hydro_plus,Marine,Tide And Wave,1
Nuclear,Nuclear 1,Generator,Nuclear,Nuclear,Nuclear,Uranium,,,1,nonCHP,Nuclear,Uranium,Uranium,Non-VRE,2,4,,Nuclear,Nuclear,Nuclear,Nuclear,Nuclear,Nuclear,Nuclear,Non-VRE,Non-VRE,Nuclear,Dispatchable,Nuclear,No,Dispatchable,Nuclear,Nuclear,Nuclear,Fossil_plus,Nuclear,Nuclear 1,1
Nuclear_CHP,CHP Nuclear,Generator,CHP Other,Nuclear,CHP Other,Uranium,,,1,DH,Nuclear,Uranium,Uranium,Non-VRE,2,4,,Nuclear,Nuclear,Nuclear,Nuclear,Nuclear,Nuclear,Nuclear,Non-VRE,Non-VRE,Nuclear,Constrained,Nuclear,No,Constrained,Nuclear,Nuclear,Nuclear,Fossil_plus,Nuclear,CHP Nuclear,1
Oil_CHP,CHP Oil,Generator,CHP Oil,OCGT,Steam turbine (Gas/Oil),Oil,,,1,DH,Oil,Oil,Oil,Non-VRE,2,4,,Oil,Oil,Oil,Oil,Thermal,Thermal,Oil,Non-VRE,Non-VRE,Oil,Constrained,Oil,Yes,Constrained,Fossil,Fossil,Fossil_CHP,Fossil_plus,Fossil_CHP,CHP Oil,1
Oil_GT,Oil GT 1,Generator,OCGT,OCGT,OCGT,Oil,,,1,nonCHP,Oil,Oil,Oil,Non-VRE,2,4,,Oil,Oil,Oil,Oil,Thermal,Thermal,Oil,Non-VRE,Non-VRE,Oil,Dispatchable,Oil,Yes,Dispatchable,Fossil,Fossil,Fossil,Fossil_plus,Oil,Oil GT 1,1
Oil_Steam,Oil Steam 1,Generator,Steam turbine (Gas/Oil),OCGT,Steam turbine (Gas/Oil),Oil,,,1,nonCHP,Oil,Oil,Oil,Non-VRE,4,6,,Oil,Oil,Oil,Oil,Thermal,Thermal,Oil,Non-VRE,Non-VRE,Oil,Dispatchable,Oil,No,Dispatchable,Fossil,Fossil,Fossil,Fossil_plus,Oil,Oil Steam 1,1
Solar_CSP,Solar CSP,Generator,Solar CSP,Solar CSP,Solar CSP,,,,1,nonCHP,Solar,Solar,Solar,Non-VRE,0,0,,Solar,Solar,Solar,Solar,Solar,RES,Other,Non-VRE,Non-VRE,ConcentratedSolarPower,Dispatchable,ConcentratedSolarPower,No,Dispatchable,Hydro_plus,Hydro_plus,Hydro_plus,Hydro_plus,Solar,Solar CSP,1
Solar_CSP_CHP,CHP Solar,Generator,CHP Other,Solar CSP,CHP Other,,,,1,DH,Solar,Solar,Solar,Non-VRE,0,0,,Solar,Solar,Solar,Solar,Solar,CHP,Other,Non-VRE,Non-VRE,ConcentratedSolarPower,Constrained,ConcentratedSolarPower,No,Constrained,Hydro_plus,Hydro_plus,Hydro_plus,Hydro_plus,Solar,CHP Solar,1
Solar_PV_Buildings,Solar PV Buildings,Generator,Solar PV Buildings,Solar PV Buildings,Rooftop PV,,,,1,nonCHP,Solar,Solar,Solar,VRE,0,0,,Solar,Solar_PV_Buildings,Solar,Solar,Solar,RES,SolarPV,Solar,Solar,SolarPV,VRE,SolarPV,No,VRE,Solar,Solar_buildings,Solar,Solar,Solar,Solar PV Buildings,1
Solar_PV_Utility,Solar PV Utility,Generator,Solar PV Utility,Solar PV Utility,Ground-mounted PV,,,,1,nonCHP,Solar,Solar,Solar,VRE,0,0,,Solar,Solar_PV_Utility,Solar,Solar,Solar,RES,SolarPV,Solar,Solar,SolarPV,VRE,SolarPV,No,VRE,Solar,Solar_utility,Solar,Solar,Solar,Solar PV Utility,1
Waste,Waste to Energy,Generator,Solid biomass,Biomass,Solid biomass,,,,1,nonCHP,Non-renewable waste,Non-renewable waste,Non-renewable waste,Non-VRE,2,4,,Other,Non-renewable waste,Other,Non-renewable waste,Non-renewable waste,RES,Other,Non-VRE,Non-VRE,Bioenergy,Dispatchable,Bioenergy,No,Dispatchable,Hydro_plus,Hydro_plus,Hydro_plus,Hydro_plus,Bioenergy,Waste to Energy,1
Waste_CHP,NEW CHP OtherSources,Generator,CHP Other,Biomass,CHP Other,,,,1,Industrial,Non-renewable waste,Non-renewable waste,Non-renewable waste,Non-VRE,2,4,,Other,Non-renewable waste,Other,Non-renewable waste,Non-renewable waste,RES,Other,Non-VRE,Non-VRE,Bioenergy,Constrained,Bioenergy,No,Constrained,Fossil,Fossil,Fossil_CHP,Fossil_plus,Fossil_CHP,NEW CHP OtherSources,1
Waste_Renewable,NEW CHP BiomassandWaste,Generator,Renewable waste,Biomass,Biomass power plant (small),,,,1,Industrial,Bioenergy,Biomass,Biomass,Non-VRE,2,4,,Bioenergy,Bioenergy,Bioenergy,Biomass,Thermal,RES,Other,Non-VRE,Non-VRE,Bioenergy,Dispatchable,Bioenergy,No,Dispatchable,Hydro_plus,Hydro_plus,Hydro_plus,Hydro_plus,Bioenergy,NEW CHP BiomassandWaste,1
Waste_Renewable_CHP,NEW CHP BiomassandWaste,Generator,CHP Other,Biomass,CHP Other,,,,1,Industrial,Bioenergy,Biomass,Biomass,Non-VRE,2,4,,Bioenergy,Bioenergy,Bioenergy,Biomass,Thermal,RES,Other,Non-VRE,Non-VRE,Bioenergy,Constrained,Bioenergy,No,Constrained,Hydro_plus,Hydro_plus,Hydro_plus,Hydro_plus,Bioenergy,NEW CHP BiomassandWaste,1
Wind_Offshore,Wind Offshore,Generator,Wind offshore,Wind Offshore,Wind Offshore,,,,1,nonCHP,Wind,Wind,Wind,VRE,0,0,,Wind,Wind_Offshore,Wind,Wind,Wind,RES,Wind,Wind,Wind,Wind,VRE,Wind,No,VRE,Wind,Wind_offshore,Wind,Wind,Wind,Wind Offshore,1
Wind_Onshore,Wind Onshore,Generator,Wind onshore,Wind Onshore,Wind Onshore,,,,1,nonCHP,Wind,Wind,Wind,VRE,0,0,,Wind,Wind_Onshore,Wind,Wind,Wind,RES,Wind,Wind,Wind,Wind,VRE,Wind,No,VRE,Wind,Wind_onshore,Wind,Wind,Wind,Wind Onshore,1
Shed1h,DSM shed,Generator,Shed,Shed,Shed,,,,1,nonCHP,DSM,DSM,DSM,DSM,0,0,,DSM,DSM,DSM,DSM,DSM,DSM,Other,DSM,DSM,DSM,DSM,DSM,No,DSM,None,None,None,None,DSM,Shed1h,1
Shed4h,DSM shed,Generator,Shed,Shed,Shed,,,,1,nonCHP,DSM,DSM,DSM,DSM,0,0,,DSM,DSM,DSM,DSM,DSM,DSM,Other,DSM,DSM,DSM,DSM,DSM,No,DSM,None,None,None,None,DSM,Shed4h,1
Shed10h,DSM shed,Generator,Shed,Shed,Shed,,,,1,nonCHP,DSM,DSM,DSM,DSM,0,0,,DSM,DSM,DSM,DSM,DSM,DSM,Other,DSM,DSM,DSM,DSM,DSM,No,DSM,None,None,None,None,DSM,Shed10h,1
Shift1h,DSM shift,Purchaser,Excluded,#N/A,#N/A,#N/A,,,#N/A,Purchaser,#N/A,#N/A,Purchaser,Purchaser,,#N/A,,#N/A,#N/A,#N/A,#N/A,#N/A,Purchaser,Purchaser,Purchaser,Purchaser,#N/A,#N/A,#N/A,#N/A,1h,#N/A,#N/A,#N/A,#N/A,#N/A,#N/A,1
Shift3h,DSM shift,Purchaser,Excluded,#N/A,#N/A,#N/A,,,#N/A,Purchaser,#N/A,#N/A,Purchaser,Purchaser,,#N/A,,#N/A,#N/A,#N/A,#N/A,#N/A,Purchaser,Purchaser,Purchaser,Purchaser,#N/A,#N/A,#N/A,#N/A,3h,#N/A,#N/A,#N/A,#N/A,#N/A,#N/A,1
Shift2h,DSM shift,Purchaser,Excluded,#N/A,#N/A,#N/A,,,#N/A,Purchaser,#N/A,#N/A,Purchaser,Purchaser,,#N/A,,#N/A,#N/A,#N/A,#N/A,#N/A,Purchaser,Purchaser,Purchaser,Purchaser,#N/A,#N/A,#N/A,#N/A,2h,#N/A,#N/A,#N/A,#N/A,#N/A,#N/A,1
Shift4h,DSM shift,Purchaser,Excluded,#N/A,#N/A,#N/A,,,#N/A,Purchaser,#N/A,#N/A,Purchaser,Purchaser,,#N/A,,#N/A,#N/A,#N/A,#N/A,#N/A,Purchaser,Purchaser,Purchaser,Purchaser,#N/A,#N/A,#N/A,#N/A,4h,#N/A,#N/A,#N/A,#N/A,#N/A,#N/A,1
Shift5h,DSM shift,Purchaser,Excluded,#N/A,#N/A,#N/A,,,#N/A,Purchaser,#N/A,#N/A,Purchaser,Purchaser,,#N/A,,#N/A,#N/A,#N/A,#N/A,#N/A,Purchaser,Purchaser,Purchaser,Purchaser,#N/A,#N/A,#N/A,#N/A,5h,#N/A,#N/A,#N/A,#N/A,#N/A,#N/A,1
Shift8h,DSM shift,Purchaser,Excluded,#N/A,#N/A,#N/A,,,#N/A,Purchaser,#N/A,#N/A,Purchaser,Purchaser,,#N/A,,#N/A,#N/A,#N/A,#N/A,#N/A,Purchaser,Purchaser,Purchaser,Purchaser,#N/A,#N/A,#N/A,#N/A,8h,#N/A,#N/A,#N/A,#N/A,#N/A,#N/A,1
Shift10h,DSM shift,Purchaser,Excluded,#N/A,#N/A,#N/A,,,#N/A,Purchaser,#N/A,#N/A,Purchaser,Purchaser,,#N/A,,#N/A,#N/A,#N/A,#N/A,#N/A,Purchaser,Purchaser,Purchaser,Purchaser,#N/A,#N/A,#N/A,#N/A,10h,#N/A,#N/A,#N/A,#N/A,#N/A,#N/A,1
Shift12h,DSM shift,Purchaser,Excluded,#N/A,#N/A,#N/A,,,#N/A,Purchaser,#N/A,#N/A,Purchaser,Purchaser,,#N/A,,#N/A,#N/A,#N/A,#N/A,#N/A,Purchaser,Purchaser,Purchaser,Purchaser,#N/A,#N/A,#N/A,#N/A,12h,#N/A,#N/A,#N/A,#N/A,#N/A,#N/A,1
Shift24h,DSM shift,Purchaser,Excluded,#N/A,#N/A,#N/A,,,#N/A,Purchaser,#N/A,#N/A,Purchaser,Purchaser,,#N/A,,#N/A,#N/A,#N/A,#N/A,#N/A,Purchaser,Purchaser,Purchaser,Purchaser,#N/A,#N/A,#N/A,#N/A,24h,#N/A,#N/A,#N/A,#N/A,#N/A,#N/A,1
Al,DSM shift,Purchaser,Excluded,#N/A,#N/A,#N/A,,,#N/A,Purchaser,#N/A,#N/A,Purchaser,Purchaser,,#N/A,,#N/A,#N/A,#N/A,#N/A,#N/A,Purchaser,Purchaser,Purchaser,Purchaser,#N/A,#N/A,#N/A,#N/A,Al,#N/A,#N/A,#N/A,#N/A,#N/A,#N/A,1
EV,DSM shift,Purchaser,Excluded,#N/A,#N/A,#N/A,,,#N/A,Purchaser,#N/A,#N/A,Purchaser,Purchaser,,#N/A,,#N/A,#N/A,#N/A,#N/A,#N/A,Purchaser,Purchaser,Purchaser,Purchaser,#N/A,#N/A,#N/A,#N/A,EV,#N/A,#N/A,#N/A,#N/A,#N/A,#N/A,1
CO2,Emission,Emission,Excluded,#N/A,#N/A,#N/A,,,#N/A,Emissions,#N/A,#N/A,Emissions,Emissions,,#N/A,,#N/A,#N/A,#N/A,#N/A,#N/A,Emissions,Emissions,Emissions,Emissions,#N/A,#N/A,#N/A,#N/A,CO2,#N/A,#N/A,#N/A,#N/A,#N/A,#N/A,1
NOx,Emission,Emission,Excluded,#N/A,#N/A,#N/A,,,#N/A,Emissions,#N/A,#N/A,Emissions,Emissions,,#N/A,,#N/A,#N/A,#N/A,#N/A,#N/A,Emissions,Emissions,Emissions,Emissions,#N/A,#N/A,#N/A,#N/A,NOx,#N/A,#N/A,#N/A,#N/A,#N/A,#N/A,1
PM,Emission,Emission,Excluded,#N/A,#N/A,#N/A,,,#N/A,Emissions,#N/A,#N/A,Emissions,Emissions,,#N/A,,#N/A,#N/A,#N/A,#N/A,#N/A,Emissions,Emissions,Emissions,Emissions,#N/A,#N/A,#N/A,#N/A,PM,#N/A,#N/A,#N/A,#N/A,#N/A,#N/A,1
SOx,Emission,Emission,Excluded,#N/A,#N/A,#N/A,,,#N/A,Emissions,#N/A,#N/A,Emissions,Emissions,,#N/A,,#N/A,#N/A,#N/A,#N/A,#N/A,Emissions,Emissions,Emissions,Emissions,#N/A,#N/A,#N/A,#N/A,SOx,#N/A,#N/A,#N/A,#N/A,#N/A,#N/A,1
Fuel,Fuel,Fuel,Excluded,#N/A,#N/A,#N/A,,,#N/A,Fuel,#N/A,#N/A,Fuel,Fuel,,#N/A,,#N/A,#N/A,#N/A,#N/A,#N/A,Fuel,Fuel,Fuel,Fuel,#N/A,#N/A,#N/A,#N/A,#N/A,#N/A,#N/A,#N/A,#N/A,#N/A,#N/A,1
Line,Line,Line,Excluded,#N/A,#N/A,#N/A,,,#N/A,Line,#N/A,#N/A,Line,Line,,#N/A,,#N/A,#N/A,#N/A,#N/A,#N/A,Line,Line,Line,Line,#N/A,#N/A,#N/A,#N/A,#N/A,#N/A,#N/A,#N/A,#N/A,#N/A,#N/A,1
Node,Node,Node,Excluded,#N/A,#N/A,#N/A,,,#N/A,Node,#N/A,#N/A,Node,Node,,#N/A,,#N/A,#N/A,#N/A,#N/A,#N/A,Node,Node,Node,Node,#N/A,#N/A,#N/A,#N/A,#N/A,#N/A,#N/A,#N/A,#N/A,#N/A,#N/A,1
Region,Region,Region,Excluded,#N/A,#N/A,#N/A,,,#N/A,Region,#N/A,#N/A,Region,Region,,#N/A,,#N/A,#N/A,#N/A,#N/A,#N/A,Region,Region,Region,Region,#N/A,#N/A,#N/A,#N/A,#N/A,#N/A,#N/A,#N/A,#N/A,#N/A,#N/A,1
Zone,Zone,Zone,Excluded,#N/A,#N/A,#N/A,,,#N/A,Zone,#N/A,#N/A,Zone,Zone,,#N/A,,#N/A,#N/A,#N/A,#N/A,#N/A,Zone,Zone,Zone,Zone,#N/A,#N/A,#N/A,#N/A,#N/A,#N/A,#N/A,#N/A,#N/A,#N/A,#N/A,1
Area,Area,Area,Excluded,#N/A,#N/A,#N/A,,,#N/A,Area,#N/A,#N/A,Area,Area,,#N/A,,#N/A,#N/A,#N/A,#N/A,#N/A,Area,Area,Area,Area,#N/A,#N/A,#N/A,#N/A,#N/A,#N/A,#N/A,#N/A,#N/A,#N/A,#N/A,1
Reserve,Reserve,Reserve,Excluded,#N/A,#N/A,#N/A,,,#N/A,Reserve,#N/A,#N/A,Reserve,Reserve,,#N/A,,#N/A,#N/A,#N/A,#N/A,#N/A,Reserve,Reserve,Reserve,Reserve,#N/A,#N/A,#N/A,#N/A,#N/A,#N/A,#N/A,#N/A,#N/A,#N/A,#N/A,1
Variable,Variable,Variable,Excluded,#N/A,#N/A,#N/A,#N/A,#N/A,#N/A,#N/A,#N/A,#N/A,#N/A,#N/A,,#N/A,,#N/A,#N/A,#N/A,#N/A,#N/A,#N/A,#N/A,#N/A,#N/A,#N/A,#N/A,#N/A,#N/A,#N/A,#N/A,#N/A,#N/A,#N/A,#N/A,#N/A,1
