PLEXOS technology,Mapping to new WEO technology,Mapping to DEA data,Mapping to WEO Capex,Mapping to APPFC techs,OpClassMSL,Mapping to NREL cost data,Fuel,PerformanceVar,PropertyClass,FUELsub,FUELsimp,VRE,InertiaLOW,InertiaHI,Category1,Category2,ValidationTech,FUELgas,Fuel4,Fuel5,VRE2,VRE3,PLN_Tech,CategoryWEO,FlexCategory,Reserves,QuickStart,Type,RegSplitCat,New,RegSplitCat
Biogases,Biogases,Biogas power plant (small),Excluded,Biogas,Biogas,Biomass,Biomass,1,Biomass,Biomass,Biomass,Non-VRE,2,4,Bioenergy,Bioenergy,Bioenergy,Biomass,RES,Other,Non-VRE,Non-VRE,PLTBG,Bioenergy,Constrained,Yes,No,Generator,RES,Y,RES
Biomass CHP Medium,Biomass_CHP_Medium,Solid biomass,Excluded,Solid biomass,Solid biomass,Biomass,Biomass,1,Biomass,Biomass,Biomass,Non-VRE,2,4,Bioenergy,Bioenergy,CHP,Biomass,RES,Other,Non-VRE,Non-VRE,PLTBM,Bioenergy,Constrained,No,No,Generator,RES,Y,RES
Biomass CHP Small,Biomass_CHP_Small,Solid biomass,Excluded,Solid biomass,Solid biomass,Biomass,Biomass,1,Biomass,Biomass,Biomass,Non-VRE,2,4,Bioenergy,Bioenergy,CHP,Biomass,RES,Other,Non-VRE,Non-VRE,PLTBM,Bioenergy,Constrained,No,No,Generator,RES,Y,RES
Biomass Cofiring,Biomass_Power_Plant,Coal Subcritical,Excluded,Coal subcritical,Coal subcritical,Biomass,Biomass,1,Biomass,Biomass,Biomass,Non-VRE,2,4,Bioenergy,Bioenergy,Bioenergy,Biomass,RES,Other,Non-VRE,Non-VRE,PLTBM,Bioenergy,Dispatchable,Yes,No,Generator,RES,Y,RES
Biomass IGCC with CCS,Biomass_IGCC_with_CCS,IGCC,Excluded,Biogas,Biogas,Biomass,Biomass,1,Biomass,Biomass,Biomass,Non-VRE,2,4,Bioenergy,Bioenergy,Bioenergy,Biomass,RES,Other,Non-VRE,Non-VRE,PLTBM,Bioenergy,Constrained,Yes,No,Generator,RES,Y,RES
Biomass Power Plant,Biomass_Power_Plant,Biomass power plant (small),Excluded,Solid biomass,Solid biomass,Biomass,Biomass,1,Biomass,Biomass,Biomass,Non-VRE,2,4,Bioenergy,Bioenergy,Bioenergy,Biomass,RES,Other,Non-VRE,Non-VRE,PLTBM,Bioenergy,Constrained,Yes,No,Generator,RES,N,RES
CCS CCGT 1,Gas_CCGT_CCS,CCS - CCGT,Excluded,CCGT,CCGT,CCGT,Gas,1,Gas-CCGT,Gas-CCGT,Gas,Non-VRE,4,6,Gas,Abated gas,Thermal,CCGT,Thermal,Gas,Non-VRE,Non-VRE,PLTGU,Gas_CCGT,Dispatchable,Yes,No,Generator,Gas,N,Gas
CCS IGCC 1,Coal_IGCC_CCS,CCS - IGCC,Excluded,IGCC,IGCC,IGCC CCS,Bituminous coal,1,Bituminous coal,Bituminous coal,Bituminous coal,Non-VRE,2,4,Coal,Abated coal,Thermal,Coal,Thermal,Coal,Non-VRE,Non-VRE,PLTU,Coal_IGCC,Dispatchable,Yes,No,Generator,Coal,N,Coal
CCS Oxyfuel 1,Coal_Oxyfuel_CCS,CCS - Supercritical coal,Excluded,Coal supercritical,Coal supercritical,Coal CCS,Bituminous coal,1,Bituminous coal,Bituminous coal,Bituminous coal,Non-VRE,2,4,Coal,Abated coal,Thermal,Coal,Thermal,Coal,Non-VRE,Non-VRE,PLTUs,Coal_Supercritical,Dispatchable,Yes,No,Generator,Coal,N,Coal
CHP BiomassandWaste,Biomass_CHP_Small,Solid biomass,Excluded,Solid biomass,Solid biomass,Biomass,Biomass,1,Biomass,Biomass,Biomass,Non-VRE,2,4,Bioenergy,Bioenergy,CHP,Biomass,RES,Other,Non-VRE,Non-VRE,PLTBM,Bioenergy,Constrained,No,No,Generator,RES,N,RES
CHP Coal,Coal_CHP,Coal subcritical,Excluded,Coal subcritical,Coal subcritical,Coal,Bituminous coal,1,Bituminous coal,Bituminous coal,Bituminous coal,Non-VRE,2,4,Coal,Coal,CHP,Coal,Thermal,Coal,Non-VRE,Non-VRE,PLTU,Coal_IGCC,Dispatchable,No,No,Generator,Coal,N,Coal
CHP Gas,Gas_CHP,OCGT,Excluded,OCGT,OCGT,OCGT,Gas,1,Gas-OCGT,Gas-OCGT,Gas,Non-VRE,4,6,Gas,Gas,CHP,OCGT,Thermal,Gas,Non-VRE,Non-VRE,PLTG/MG,Gas_GT,Dispatchable,No,Yes,Generator,Gas,N,Gas
CHP Geothermal,Geothermal_CHP,Geothermal,Excluded,Geothermal,Geothermal,Geothermal,Geothermal,1,Geothermal,Geothermal,Geothermal,Non-VRE,0,0,Geothermal,Geothermal,CHP,Geothermal,RES,Other,Non-VRE,Non-VRE,PLTP,Geothermal,Constrained,No,No,Generator,RES,N,RES
CHP Nuclear,Nuclear_CHP,Nuclear,Excluded,Nuclear,Nuclear,Nuclear,Uranium,1,Uranium,Uranium,Uranium,Non-VRE,2,4,Nuclear,Nuclear,CHP,Nuclear,Nuclear,Nuclear,Non-VRE,Non-VRE,Nuclear,Nuclear,Dispatchable,No,No,Generator,Nuclear,N,Nuclear
CHP Oil,Oil_CHP,Steam turbine (Gas/Oil),Excluded,Steam turbine (Gas/Oil),Steam turbine (Gas/Oil),OCGT,Oil,1,Oil,Oil,Oil,Non-VRE,2,4,Oil,Oil,CHP,Oil,Thermal,Oil,Non-VRE,Non-VRE,PLTD,Oil,Dispatchable,No,Yes,Generator,Gas,N,Gas
CHP OtherSources,Gas_CHP,Steam turbine (Gas/Oil),Excluded,Steam turbine (Gas/Oil),Steam turbine (Gas/Oil),,#N/A,1,Other,Other,Other,Non-VRE,2,4,Other,Other,CHP,Other,RES,Other,Non-VRE,Non-VRE,PLTBM,Bioenergy,Constrained,No,No,Generator,RES,N,RES
CHP Solar,Solar_CSP_CHP,CHP Other,Excluded,CHP Other,CHP Other,Solar CSP,Solar,1,Solar,Solar,Solar,Non-VRE,0,0,Solar,Solar,CHP,Solar,CHP,Other,Non-VRE,Non-VRE,CSP,ConcentratedSolarPower,Constrained,No,No,Generator,Solar,Y,Solar
Coal CHP MaxMin,Coal_CHP,CHP Coal,Excluded,CHP Coal,CHP Coal,Coal,Bituminous coal,1,Bituminous coal,Bituminous coal,Bituminous coal,Non-VRE,2,4,Coal,Coal,CHP,Coal,Thermal,Coal,Non-VRE,Non-VRE,PLTU,Coal_IGCC,Dispatchable,No,No,Generator,Coal,N,Coal
Coal IGCC 1,Coal_IGCC,IGCC,Excluded,IGCC,IGCC,IGCC,Bituminous coal,1,Bituminous coal,Bituminous coal,Bituminous coal,Non-VRE,2,4,Coal,Coal,Thermal,Coal,Thermal,Coal,Non-VRE,Non-VRE,PLTU,Coal_IGCC,Dispatchable,Yes,No,Generator,Coal,N,Coal
Coal IGCC 2,Coal_IGCC,IGCC,Excluded,IGCC,IGCC,IGCC,Bituminous coal,1,Bituminous coal,Bituminous coal,Bituminous coal,Non-VRE,2,4,Coal,Coal,Thermal,Coal,Thermal,Coal,Non-VRE,Non-VRE,PLTU,Coal_IGCC,Dispatchable,Yes,No,Generator,Coal,N,Coal
Coal IGCC 3,Coal_IGCC,IGCC,Excluded,IGCC,IGCC,IGCC,Bituminous coal,1,Bituminous coal,Bituminous coal,Bituminous coal,Non-VRE,2,4,Coal,Coal,Thermal,Coal,Thermal,Coal,Non-VRE,Non-VRE,PLTU,Coal_IGCC,Dispatchable,Yes,No,Generator,Coal,N,Coal
Coal IGCC 4,Coal_IGCC,IGCC,Excluded,IGCC,IGCC,IGCC,Bituminous coal,1,Bituminous coal,Bituminous coal,Bituminous coal,Non-VRE,2,4,Coal,Coal,Thermal,Coal,Thermal,Coal,Non-VRE,Non-VRE,PLTU,Coal_IGCC,Dispatchable,Yes,No,Generator,Coal,N,Coal
Coal IGCC 5,Coal_IGCC,IGCC,Excluded,IGCC,IGCC,IGCC,Bituminous coal,1,Bituminous coal,Bituminous coal,Bituminous coal,Non-VRE,2,4,Coal,Coal,Thermal,Coal,Thermal,Coal,Non-VRE,Non-VRE,PLTU,Coal_IGCC,Dispatchable,Yes,No,Generator,Coal,N,Coal
Coal Subcritical 1,Coal_Subcritical_Lignite,Coal Subcritical,Excluded,Coal lignite,Coal lignite,Lignite,Lignite,1,Lignite,Lignite,Lignite,Non-VRE,2,4,Coal,Coal,Thermal,Coal,Thermal,Coal,Non-VRE,Non-VRE,PLTU,Coal_Subcritical,Dispatchable,Yes,No,Generator,Coal,N,Coal
Coal Subcritical 2,Coal_Subcritical_Lignite,Coal Subcritical,Excluded,Coal lignite,Coal lignite,Lignite,Lignite,1,Lignite,Lignite,Lignite,Non-VRE,2,4,Coal,Coal,Thermal,Coal,Thermal,Coal,Non-VRE,Non-VRE,PLTU,Coal_Subcritical,Dispatchable,Yes,No,Generator,Coal,N,Coal
Coal Subcritical 3,Coal_Subcritical_Hard,Coal Subcritical,Excluded,Coal subcritical,Coal subcritical,Coal,Bituminous coal,1,Bituminous coal,Bituminous coal,Bituminous coal,Non-VRE,2,4,Coal,Coal,Thermal,Coal,Thermal,Coal,Non-VRE,Non-VRE,PLTU,Coal_Subcritical,Dispatchable,Yes,No,Generator,Coal,N,Coal
Coal Subcritical 4,Coal_Subcritical_Hard,Coal Subcritical,Excluded,Coal subcritical,Coal subcritical,Coal,Bituminous coal,1,Bituminous coal,Bituminous coal,Bituminous coal,Non-VRE,2,4,Coal,Coal,Thermal,Coal,Thermal,Coal,Non-VRE,Non-VRE,PLTU,Coal_Subcritical,Dispatchable,Yes,No,Generator,Coal,N,Coal
Coal Subcritical 5,Coal_Subcritical_Hard,Coal Subcritical,Excluded,Coal subcritical,Coal subcritical,Coal,Bituminous coal,1,Bituminous coal,Bituminous coal,Bituminous coal,Non-VRE,2,4,Coal,Coal,Thermal,Coal,Thermal,Coal,Non-VRE,Non-VRE,PLTU,Coal_Subcritical,Dispatchable,Yes,No,Generator,Coal,N,Coal
Coal Supercritical 1,Coal_Supercritical,Coal Supercritical,Excluded,Coal supercritical,Coal supercritical,Coal,Bituminous coal,1,Bituminous coal,Bituminous coal,Bituminous coal,Non-VRE,2,4,Coal,Coal,Thermal,Coal,Thermal,Coal,Non-VRE,Non-VRE,PLTU,Coal_IGCC,Dispatchable,Yes,No,Generator,Coal,N,Coal
Coal Supercritical 2,Coal_Supercritical,Coal Supercritical,Excluded,Coal supercritical,Coal supercritical,Coal,Bituminous coal,1,Bituminous coal,Bituminous coal,Bituminous coal,Non-VRE,2,4,Coal,Coal,Thermal,Coal,Thermal,Coal,Non-VRE,Non-VRE,PLTUs,Coal_Supercritical,Dispatchable,Yes,No,Generator,Coal,N,Coal
Coal Supercritical 3,Coal_Supercritical,Coal Supercritical,Excluded,Coal supercritical,Coal supercritical,Coal,Bituminous coal,1,Bituminous coal,Bituminous coal,Bituminous coal,Non-VRE,2,4,Coal,Coal,Thermal,Coal,Thermal,Coal,Non-VRE,Non-VRE,PLTUs,Coal_Supercritical,Dispatchable,Yes,No,Generator,Coal,N,Coal
Coal Supercritical 4,Coal_Supercritical,Coal Supercritical,Excluded,Coal supercritical,Coal supercritical,Coal,Bituminous coal,1,Bituminous coal,Bituminous coal,Bituminous coal,Non-VRE,2,4,Coal,Coal,Thermal,Coal,Thermal,Coal,Non-VRE,Non-VRE,PLTUs,Coal_Supercritical,Dispatchable,Yes,No,Generator,Coal,N,Coal
Coal Supercritical 5,Coal_Supercritical,Coal Supercritical,Excluded,Coal supercritical,Coal supercritical,Coal,Bituminous coal,1,Bituminous coal,Bituminous coal,Bituminous coal,Non-VRE,2,4,Coal,Coal,Thermal,Coal,Thermal,Coal,Non-VRE,Non-VRE,PLTUs,Coal_Supercritical,Dispatchable,Yes,No,Generator,Coal,N,Coal
Coal Ultrasupercritical 1,Coal_Ultrasupercritical,Coal Ultra supercritical,Excluded,Coal ultrasupercritical,Coal ultrasupercritical,Coal,Bituminous coal,1,Bituminous coal,Bituminous coal,Bituminous coal,Non-VRE,2,4,Coal,Coal,Thermal,Coal,Thermal,Coal,Non-VRE,Non-VRE,PLTU_ult,Coal_Supercritical,Dispatchable,Yes,No,Generator,Coal,N,Coal
Coal Ultrasupercritical 2,Coal_Ultrasupercritical,Coal Ultra supercritical,Excluded,Coal ultrasupercritical,Coal ultrasupercritical,Coal,Bituminous coal,1,Bituminous coal,Bituminous coal,Bituminous coal,Non-VRE,2,4,Coal,Coal,Thermal,Coal,Thermal,Coal,Non-VRE,Non-VRE,PLTU_ult,Coal_Supercritical,Dispatchable,Yes,No,Generator,Coal,N,Coal
Coal Ultrasupercritical 3,Coal_Ultrasupercritical,Coal Ultra supercritical,Excluded,Coal ultrasupercritical,Coal ultrasupercritical,Coal,Bituminous coal,1,Bituminous coal,Bituminous coal,Bituminous coal,Non-VRE,2,4,Coal,Coal,Thermal,Coal,Thermal,Coal,Non-VRE,Non-VRE,PLTU_ult,Coal_Supercritical,Dispatchable,Yes,No,Generator,Coal,N,Coal
Coal Ultrasupercritical 4,Coal_Ultrasupercritical,Coal Ultra supercritical,Excluded,Coal ultrasupercritical,Coal ultrasupercritical,Coal,Bituminous coal,1,Bituminous coal,Bituminous coal,Bituminous coal,Non-VRE,2,4,Coal,Coal,Thermal,Coal,Thermal,Coal,Non-VRE,Non-VRE,PLTU_ult,Coal_Supercritical,Dispatchable,Yes,No,Generator,Coal,N,Coal
Coal Ultrasupercritical 5,Coal_Ultrasupercritical,Coal Ultra supercritical,Excluded,Coal ultrasupercritical,Coal ultrasupercritical,Coal,Bituminous coal,1,Bituminous coal,Bituminous coal,Bituminous coal,Non-VRE,2,4,Coal,Coal,Thermal,Coal,Thermal,Coal,Non-VRE,Non-VRE,PLTU_ult,Coal_Supercritical,Dispatchable,Yes,No,Generator,Coal,N,Coal
Fuel Cell 1,Fuel_cell,Fuel cell,Excluded,Fuel cell,Fuel cell,,Fuel Cell,1,Fuel Cell,Fuel Cell,Fuel Cell,Non-VRE,2,4,Gas,Gas,Thermal,Gas,Thermal,Gas,Non-VRE,Non-VRE,PLTGU,Gas_CCGT,Dispatchable,Yes,No,Generator,Gas,N,Gas
Fuel Cell 2,Fuel_cell,Fuel cell,Excluded,Fuel cell,Fuel cell,,Fuel Cell,1,Fuel Cell,Fuel Cell,Fuel Cell,Non-VRE,2,4,Gas,Gas,Thermal,Gas,Thermal,Gas,Non-VRE,Non-VRE,PLTGU,Gas_CCGT,Dispatchable,Yes,No,Generator,Gas,N,Gas
Gas CCGT 1,Gas_CCGT,CCGT,Excluded,CCGT,CCGT,CCGT,Gas,1,Gas-CCGT,Gas-CCGT,Gas,Non-VRE,4,6,Gas,Gas,Thermal,CCGT,Thermal,Gas,Non-VRE,Non-VRE,PLTGU,Gas_CCGT,Dispatchable,Yes,No,Generator,Gas,N,Gas
Gas CCGT 2,Gas_CCGT,CCGT,Excluded,CCGT,CCGT,CCGT,Gas,1,Gas-CCGT,Gas-CCGT,Gas,Non-VRE,4,6,Gas,Gas,Thermal,CCGT,Thermal,Gas,Non-VRE,Non-VRE,PLTGU,Gas_CCGT,Dispatchable,Yes,No,Generator,Gas,N,Gas
Gas CCGT 3,Gas_CCGT,CCGT,Excluded,CCGT,CCGT,CCGT,Gas,1,Gas-CCGT,Gas-CCGT,Gas,Non-VRE,4,6,Gas,Gas,Thermal,CCGT,Thermal,Gas,Non-VRE,Non-VRE,PLTGU,Gas_CCGT,Dispatchable,Yes,No,Generator,Gas,N,Gas
Gas CCGT 4,Gas_CCGT,CCGT,Excluded,CCGT,CCGT,CCGT,Gas,1,Gas-CCGT,Gas-CCGT,Gas,Non-VRE,4,6,Gas,Gas,Thermal,CCGT,Thermal,Gas,Non-VRE,Non-VRE,PLTGU,Gas_CCGT,Dispatchable,Yes,No,Generator,Gas,N,Gas
Gas CCGT 5,Gas_CCGT,CCGT,Excluded,CCGT,CCGT,CCGT,Gas,1,Gas-CCGT,Gas-CCGT,Gas,Non-VRE,4,6,Gas,Gas,Thermal,CCGT,Thermal,Gas,Non-VRE,Non-VRE,PLTGU,Gas_CCGT,Dispatchable,Yes,No,Generator,Gas,N,Gas
Gas CHP MaxMin,Gas_CCGT,OCGT,Excluded,OCGT,OCGT,OCGT,Gas,1,Gas-OCGT,Gas-OCGT,Gas,Non-VRE,4,6,Gas,Gas,CHP,OCGT,Thermal,Gas,Non-VRE,Non-VRE,PLTG/MG,Gas_GT,Dispatchable,No,Yes,Generator,Gas,N,Gas
Gas GT 1,Gas_GT,SCGT,Excluded,OCGT,OCGT,OCGT,Gas,1,Gas-OCGT,Gas-OCGT,Gas,Non-VRE,4,6,Gas,Gas,Thermal,OCGT,Thermal,Gas,Non-VRE,Non-VRE,PLTG/MG,Gas_GT,Dispatchable,Yes,Yes,Generator,Gas,N,Gas
Gas GT 2,Gas_GT,SCGT,Excluded,OCGT,OCGT,OCGT,Gas,1,Gas-OCGT,Gas-OCGT,Gas,Non-VRE,4,6,Gas,Gas,Thermal,OCGT,Thermal,Gas,Non-VRE,Non-VRE,PLTG/MG,Gas_GT,Dispatchable,Yes,Yes,Generator,Gas,N,Gas
Gas GT 3,Gas_GT,SCGT,Excluded,OCGT,OCGT,OCGT,Gas,1,Gas-OCGT,Gas-OCGT,Gas,Non-VRE,4,6,Gas,Gas,Thermal,OCGT,Thermal,Gas,Non-VRE,Non-VRE,PLTG/MG,Gas_GT,Dispatchable,Yes,Yes,Generator,Gas,N,Gas
Gas GT 4,Gas_GT,SCGT,Excluded,OCGT,OCGT,OCGT,Gas,1,Gas-OCGT,Gas-OCGT,Gas,Non-VRE,4,6,Gas,Gas,Thermal,OCGT,Thermal,Gas,Non-VRE,Non-VRE,PLTG/MG,Gas_GT,Dispatchable,Yes,Yes,Generator,Gas,N,Gas
Gas GT 5,Gas_GT,SCGT,Excluded,OCGT,OCGT,OCGT,Gas,1,Gas-OCGT,Gas-OCGT,Gas,Non-VRE,4,6,Gas,Gas,Thermal,OCGT,Thermal,Gas,Non-VRE,Non-VRE,PLTG/MG,Gas_GT,Dispatchable,Yes,Yes,Generator,Gas,N,Gas
Gas Steam 1,Gas_Steam,CCGT,Excluded,Steam turbine (Gas/Oil),Steam turbine (Gas/Oil),OCGT,Gas,1,Gas-steam,Gas-steam,Gas,Non-VRE,4,6,Gas,Gas,Thermal,Thermal_gas,Thermal,Gas,Non-VRE,Non-VRE,PLTGU,Gas_steam,Dispatchable,Yes,No,Generator,Gas,N,Gas
Gas Steam 2,Gas_Steam,CCGT,Excluded,Steam turbine (Gas/Oil),Steam turbine (Gas/Oil),OCGT,Gas,1,Gas-steam,Gas-steam,Gas,Non-VRE,4,6,Gas,Gas,Thermal,Thermal_gas,Thermal,Gas,Non-VRE,Non-VRE,PLTGU,Gas_steam,Dispatchable,Yes,No,Generator,Gas,N,Gas
Gas Steam 3,Gas_Steam,CCGT,Excluded,Steam turbine (Gas/Oil),Steam turbine (Gas/Oil),OCGT,Gas,1,Gas-steam,Gas-steam,Gas,Non-VRE,4,6,Gas,Gas,Thermal,Thermal_gas,Thermal,Gas,Non-VRE,Non-VRE,PLTGU,Gas_steam,Dispatchable,Yes,No,Generator,Gas,N,Gas
Gas Steam 4,Gas_Steam,CCGT,Excluded,Steam turbine (Gas/Oil),Steam turbine (Gas/Oil),OCGT,Gas,1,Gas-steam,Gas-steam,Gas,Non-VRE,4,6,Gas,Gas,Thermal,Thermal_gas,Thermal,Gas,Non-VRE,Non-VRE,PLTGU,Gas_steam,Dispatchable,Yes,No,Generator,Gas,N,Gas
Gas Steam 5,Gas_Steam,CCGT,Excluded,Steam turbine (Gas/Oil),Steam turbine (Gas/Oil),OCGT,Gas,1,Gas-steam,Gas-steam,Gas,Non-VRE,4,6,Gas,Gas,Thermal,Thermal_gas,Thermal,Gas,Non-VRE,Non-VRE,PLTGU,Gas_steam,Dispatchable,Yes,No,Generator,Gas,N,Gas
Geothermal CHP,Geothermal_CHP,Geothermal - large,Excluded,Geothermal,Geothermal,Geothermal,Geothermal,1,Geothermal,Geothermal,Geothermal,Non-VRE,0,0,Geothermal,Geothermal,CHP,Geothermal,RES,Other,Non-VRE,Non-VRE,PLTP,Geothermal,Constrained,No,No,Generator,RES,Y,RES
Geothermal Elec,Geothermal,Geothermal - large,Excluded,Geothermal,Geothermal,Geothermal,Geothermal,1,Geothermal,Geothermal,Geothermal,Non-VRE,2,4,Geothermal,Geothermal,Thermal,Geothermal,RES,Other,Non-VRE,Non-VRE,PLTP,Geothermal,Constrained,Yes,No,Generator,RES,Y,RES
Hydro PSH,Hydro_PSH,Hydro pumped storage,Excluded,Hydro PSH,Hydro PSH,PSH,Hydro,1,Hydro,Hydro,Hydro,Non-VRE,2,4,PSH,Storage,PSH,Hydro,Hydro,Hydro,Non-VRE,Non-VRE,PS,Hydro,Pump,Yes,Yes,Generator,RES,Y,RES
Hydro Reservoir,Hydro_Reservoir,Large hydro power plant,Excluded,Hydro Reservoir,Hydro Reservoir,Hydro,Hydro,1,Hydro,Hydro,Hydro,Non-VRE,2,4,Hydro,Hydro,Hydro,Hydro,Hydro,Hydro,Non-VRE,Non-VRE,PLTAr,Hydro,Dispatchable,Yes,Yes,Generator,RES,Y,RES
Hydro RoR,Hydro_RoR,Mini-micro hydro power plant,Excluded,Hydro RoR,Hydro RoR,Hydro,Hydro,1,Hydro,Hydro,Hydro,Non-VRE,2,4,Hydro,Hydro,Hydro,Hydro,Hydro,Hydro,Non-VRE,Non-VRE,PLTM,Hydro,Constrained,Yes,No,Generator,RES,Y,RES
Hydro RoRpondage,Hydro_RoRpondage,Medium-small hydro power plant,Excluded,Hydro RoRpondage,Hydro RoRpondage,Hydro,Hydro,1,Hydro,Hydro,Hydro,Non-VRE,2,4,Hydro,Hydro,Hydro,Hydro,Hydro,Hydro,Non-VRE,Non-VRE,PLTAp,Hydro,Dispatchable,Yes,Yes,Generator,RES,Y,RES
NEW CCS CHP Coal,Coal_CCS,Coal subcritical,Excluded,Coal subcritical,Coal subcritical,Coal CCS,Bituminous coal,1,Bituminous coal,Bituminous coal,Bituminous coal,Non-VRE,2,4,Coal,Abated coal,CHP,Coal,Thermal,Coal,Non-VRE,Non-VRE,PLTU,Coal_IGCC,Dispatchable,No,No,Generator,Coal,Y,Coal
NEW CCS CHP Coal Retrofit,Coal_CCS,Coal subcritical,Excluded,Coal subcritical,Coal subcritical,Coal CCS,Bituminous coal,1,Bituminous coal,Bituminous coal,Bituminous coal,Non-VRE,2,4,Coal,Abated coal,CHP,Coal,Thermal,Coal,Non-VRE,Non-VRE,PLTU,Coal_IGCC,Dispatchable,No,No,Generator,Coal,Y,Coal
NEW CCS CHP Gas CCGT,Gas_CCGT_CCS,CCGT,Excluded,CCGT,CCGT,CCGT CCS,Gas,1,Gas-CCGT,Gas-CCGT,Gas,Non-VRE,4,6,Gas,Abated gas,CHP,CCGT,Thermal,Gas,Non-VRE,Non-VRE,PLTGU,Gas_CCGT,Dispatchable,No,No,Generator,Gas,Y,Gas
NEW CCS CHP Gas CCGT Retrofit,Gas_CCGT_CCS,CCGT,Excluded,CCGT,CCGT,CCGT CCS,Gas,1,Gas-CCGT,Gas-CCGT,Gas,Non-VRE,4,6,Gas,Abated gas,CHP,CCGT,Thermal,Gas,Non-VRE,Non-VRE,PLTGU,Gas_CCGT,Dispatchable,No,No,Generator,Gas,Y,Gas
NEW CCS Coal,Coal_CCS,CCS - Supercritical coal,Coal + CCS,Coal supercritical,Coal supercritical,Coal CCS,Bituminous coal,1,Bituminous coal,Bituminous coal,Bituminous coal,Non-VRE,2,4,Coal,Abated coal,Thermal,Coal,Thermal,Coal,Non-VRE,Non-VRE,PLTU,Coal_IGCC,Dispatchable,Yes,No,Generator,Coal,Y,Coal
NEW CCS Coal CHP MaxMin,Coal_CCS,Coal supercritical,Excluded,Coal supercritical,Coal supercritical,Coal CCS,Bituminous coal,1,Bituminous coal,Bituminous coal,Bituminous coal,Non-VRE,2,4,Coal,Abated coal,CHP,Coal,Thermal,Coal,Non-VRE,Non-VRE,PLTU,Coal_IGCC,Dispatchable,No,No,Generator,Coal,Y,Coal
NEW CCS Coal CHP MaxMin Retrofit,Coal_CCS,Coal supercritical,Excluded,Coal supercritical,Coal supercritical,Coal CCS,Bituminous coal,1,Bituminous coal,Bituminous coal,Bituminous coal,Non-VRE,2,4,Coal,Abated coal,CHP,Coal,Thermal,Coal,Non-VRE,Non-VRE,PLTU,Coal_IGCC,Dispatchable,No,No,Generator,Coal,Y,Coal
NEW CCS Coal IGCC,Coal_IGCC_CCS,CCS - IGCC,IGCC + CCS,Coal supercritical,Coal supercritical,Coal CCS,Bituminous coal,1,Bituminous coal,Bituminous coal,Bituminous coal,Non-VRE,2,4,Coal,Abated coal,Thermal,Coal,Thermal,Coal,Non-VRE,Non-VRE,PLTU,Coal_IGCC,Dispatchable,Yes,No,Generator,Coal,Y,Coal
NEW CCS Coal IGCC Retrofit,Coal_IGCC_CCS,CCS - IGCC,Excluded,Coal supercritical,Coal supercritical,Coal CCS,Bituminous coal,1,Bituminous coal,Bituminous coal,Bituminous coal,Non-VRE,2,4,Coal,Abated coal,Thermal,Coal,Thermal,Coal,Non-VRE,Non-VRE,PLTU,Coal_IGCC,Dispatchable,Yes,No,Generator,Coal,Y,Coal
NEW CCS Coal Oxyfuel,Coal_CCS,CCS - Supercritical coal,Oxyfuel + CCS,Coal supercritical,Coal supercritical,Coal CCS,Bituminous coal,1,Bituminous coal,Bituminous coal,Bituminous coal,Non-VRE,2,4,Coal,Abated coal,Thermal,Coal,Thermal,Coal,Non-VRE,Non-VRE,PLTU,Coal_IGCC,Dispatchable,Yes,No,Generator,Coal,Y,Coal
NEW CCS Coal Retrofit,Coal_CCS,CCS - Supercritical coal,Excluded,Coal supercritical,Coal supercritical,Coal CCS,Bituminous coal,1,Bituminous coal,Bituminous coal,Bituminous coal,Non-VRE,2,4,Coal,Abated coal,Thermal,Coal,Thermal,Coal,Non-VRE,Non-VRE,PLTU,Coal_IGCC,Dispatchable,Yes,No,Generator,Coal,Y,Coal
NEW CCS Gas CCGT,Gas_CCGT_CCS,CCS - CCGT,CCGT + CCS,CCGT,CCGT,CCGT CCS,Gas,1,Gas-CCGT,Gas-CCGT,Gas,Non-VRE,4,6,Gas,Abated gas,Thermal,CCGT,Thermal,Gas,Non-VRE,Non-VRE,PLTGU,Gas_CCGT,Dispatchable,Yes,No,Generator,Gas,Y,Gas
NEW CCS Gas CCGT CHP MaxMin,Gas_CCGT_CHP_CCS,CCGT,Excluded,CCGT,CCGT,CCGT CCS,Gas,1,Gas-CCGT,Gas-CCGT,Gas,Non-VRE,4,6,Gas,Abated gas,CHP,CHP,Thermal,Gas,Non-VRE,Non-VRE,PLTGU,Gas_CCGT,Dispatchable,No,No,Generator,Gas,Y,Gas
NEW CCS Gas CCGT CHP MaxMin Retrofit,Gas_CCGT_CHP_CCS,CCGT,Excluded,CCGT,CCGT,CCGT CCS,Gas,1,Gas-CCGT,Gas-CCGT,Gas,Non-VRE,4,6,Gas,Abated gas,CHP,CHP,Thermal,Gas,Non-VRE,Non-VRE,PLTGU,Gas_CCGT,Dispatchable,No,No,Generator,Gas,Y,Gas
NEW CCS Gas CCGT Retrofit,Gas_CCGT_CCS,CCS - CCGT,Excluded,CCGT,CCGT,CCGT CCS,Gas,1,Gas-CCGT,Gas-CCGT,Gas,Non-VRE,4,6,Gas,Abated gas,Thermal,CCGT,Thermal,Gas,Non-VRE,Non-VRE,PLTGU,Gas_CCGT,Dispatchable,Yes,No,Generator,Gas,Y,Gas
NEW CHP BiomassandWaste,Waste_Renewable,Solid biomass,Excluded,Solid biomass,Solid biomass,Biomass,Biomass,1,Biomass,Biomass,Biomass,Non-VRE,2,4,Bioenergy,Bioenergy,CHP,Biomass,RES,Other,Non-VRE,Non-VRE,PLTBM,Bioenergy,Constrained,No,No,Generator,RES,Y,RES
NEW CHP Coal,Coal_CHP,Coal supercritical,Excluded,Coal supercritical,Coal supercritical,Coal,Bituminous coal,1,Bituminous coal,Bituminous coal,Bituminous coal,Non-VRE,2,4,Coal,Coal,CHP,Coal,Thermal,Coal,Non-VRE,Non-VRE,PLTU,Coal_IGCC,Dispatchable,No,No,Generator,Coal,Y,Coal
NEW CHP Gas,Gas_CHP,OCGT,Excluded,OCGT,OCGT,OCGT,Gas,1,Gas-OCGT,Gas-OCGT,Gas,Non-VRE,4,6,Gas,Gas,CHP,OCGT,Thermal,Gas,Non-VRE,Non-VRE,PLTG/MG,Gas_GT,Dispatchable,No,Yes,Generator,Gas,Y,Gas
NEW CHP Geothermal,Geothermal_CHP,Geothermal,Excluded,Geothermal,Geothermal,Geothermal,Geothermal,1,Geothermal,Geothermal,Geothermal,Non-VRE,0,0,Geothermal,Geothermal,CHP,Geothermal,RES,Other,Non-VRE,Non-VRE,PLTP,Geothermal,Constrained,No,No,Generator,RES,Y,RES
NEW CHP Nuclear,Nuclear_CHP,Nuclear,Excluded,Nuclear,Nuclear,Nuclear,Uranium,1,Nuclear,Uranium,Uranium,Non-VRE,2,4,Nuclear,Nuclear,CHP,Nuclear,Nuclear,Nuclear,Non-VRE,Non-VRE,Nuclear,Nuclear,Dispatchable,No,No,Generator,Nuclear,Y,Nuclear
NEW CHP Oil,Oil_CHP,Steam turbine (Gas/Oil),Excluded,Steam turbine (Gas/Oil),Steam turbine (Gas/Oil),OCGT,Oil,1,Oil-Steam,Oil,Oil,Non-VRE,2,4,Oil,Oil,CHP,Oil,Thermal,Oil,Non-VRE,Non-VRE,PLTD,Oil,Dispatchable,No,Yes,Generator,Gas,Y,Gas
NEW CHP OtherSources,Waste_CHP,Steam turbine (Gas/Oil),Excluded,Steam turbine (Gas/Oil),Steam turbine (Gas/Oil),,#N/A,1,Other,Other,Other,Non-VRE,2,4,Other,Other,CHP,Other,RES,Other,Non-VRE,Non-VRE,PLTBM,Bioenergy,Constrained,No,No,Generator,RES,Y,RES
NEW CHP Solar,Solar_CSP_CHP,Steam turbine (Gas/Oil),Excluded,Steam turbine (Gas/Oil),Steam turbine (Gas/Oil),Solar CSP,Solar,1,Solar,Solar,Solar,Non-VRE,0,0,Solar,Solar,CHP,Solar,CHP,Other,Non-VRE,Non-VRE,PS,ConcentratedSolarPower,Constrained,No,No,Generator,Solar,Y,Solar
NEW Coal CHP MaxMin,Coal_CHP,Coal supercritical,Excluded,Coal supercritical,Coal supercritical,Coal,Bituminous coal,1,Bituminous coal,Bituminous coal,Bituminous coal,Non-VRE,2,4,Coal,Coal,CHP,CHP,Thermal,Coal,Non-VRE,Non-VRE,PLTU,Coal_IGCC,Constrained,No,No,Generator,Coal,Y,Coal
NEW Coal IGCC,Coal_IGCC,IGCC,IGCC,IGCC,IGCC,IGCC,Bituminous coal,1,Bituminous coal,Bituminous coal,Bituminous coal,Non-VRE,2,4,Coal,Coal,Thermal,Coal,Thermal,Coal,Non-VRE,Non-VRE,PLTU,Coal_IGCC,Dispatchable,Yes,No,Generator,Coal,Y,Coal
NEW Coal Lignite,Coal_Subcritical_Lignite,Coal Supercritical,Steam Coal - ULTRASUPERCRITICAL,Coal lignite,Coal lignite NEW,Lignite,Lignite,1,Lignite,Lignite,Lignite,Non-VRE,2,4,Coal,Coal,Thermal,Coal,Thermal,Coal,Non-VRE,Non-VRE,PLTU,Coal_Subcritical,Dispatchable,Yes,No,Generator,Coal,Y,Coal
NEW Coal Subcritical,Coal_Subcritical_Hard,Coal Subcritical,Steam Coal - SUBCRITICAL,Coal subcritical,Coal subcritical NEW,Coal,Bituminous coal,1,Bituminous coal,Bituminous coal,Bituminous coal,Non-VRE,2,4,Coal,Coal,Thermal,Coal,Thermal,Coal,Non-VRE,Non-VRE,PLTU,Coal_Subcritical,Dispatchable,Yes,No,Generator,Coal,Y,Coal
NEW Coal Supercritical,Coal_Supercritical,Coal Supercritical,Steam Coal - SUPERCRITICAL,Coal supercritical,Coal supercritical NEW,Coal,Bituminous coal,1,Bituminous coal,Bituminous coal,Bituminous coal,Non-VRE,2,4,Coal,Coal,Thermal,Coal,Thermal,Coal,Non-VRE,Non-VRE,PLTUs,Coal_Supercritical,Dispatchable,Yes,No,Generator,Coal,Y,Coal
NEW Coal Ultrasupercritical,Coal_Ultrasupercritical,Coal Ultra supercritical,Steam Coal - ULTRASUPERCRITICAL,Coal ultrasupercritical,Coal ultrasupercritical NEW,Coal,Bituminous coal,1,Bituminous coal,Bituminous coal,Bituminous coal,Non-VRE,2,4,Coal,Coal,Thermal,Coal,Thermal,Coal,Non-VRE,Non-VRE,PLTU_ult,Coal_Ultrasupercritical,Dispatchable,Yes,No,Generator,Coal,Y,Coal
NEW Fuel Cell,Fuel_cell,Fuel cell,Fuel cell (distributed electricity generation),Fuel cell,Fuel cell,Fuel Cell,Fuel Cell,1,Fuel Cell,Fuel Cell,Fuel Cell,Non-VRE,2,4,Fuel Cell,Fuel Cell,Thermal,Fuel Cell,RES,Other,VRE,VRE,PLTG/MG,Fuel_cell,Dispatchable,Yes,No,Generator,Gas,Y,Gas
NEW Gas CCGT,Gas_CCGT,CCGT,CCGT,CCGT,CCGT,CCGT,Gas,1,Gas-CCGT,Gas-CCGT,Gas,Non-VRE,4,6,Gas,Gas,Thermal,CCGT,Thermal,Gas,Non-VRE,Non-VRE,PLTGU,Gas_CCGT,Dispatchable,Yes,No,Generator,Gas,Y,Gas
NEW Gas CHP MaxMin,Gas_CHP,OCGT,Excluded,OCGT,OCGT,OCGT,Gas,1,Gas-OCGT,Gas-OCGT,Gas,Non-VRE,4,6,Gas,Gas,CHP,OCGT,Thermal,Gas,Non-VRE,Non-VRE,PLTG/MG,Gas_GT,Dispatchable,No,Yes,Generator,Gas,Y,Gas
NEW Gas GT,Gas_GT,SCGT,Gas turbine,OCGT,OCGT,OCGT,Gas,1,Gas-OCGT,Gas-OCGT,Gas,Non-VRE,4,6,Gas,Gas,Thermal,OCGT,Thermal,Gas,Non-VRE,Non-VRE,PLTG/MG,Gas_GT,Dispatchable,Yes,Yes,Generator,Gas,Y,Gas
NEW Gas Steam,Gas_Steam,CCGT,Gas turbine,Steam turbine (Gas/Oil),Steam turbine (Gas/Oil),OCGT,Gas,1,Gas-steam,Gas-steam,Gas,Non-VRE,4,6,Gas,Gas,Thermal,Thermal_gas,Thermal,Gas,Non-VRE,Non-VRE,PLTGU,Gas_steam,Dispatchable,Yes,No,Generator,Gas,Y,Gas
NEW Nuclear,Nuclear,Nuclear,Nuclear,Nuclear,Nuclear,Nuclear,Uranium,1,Nuclear,Uranium,Uranium,Non-VRE,2,4,Nuclear,Nuclear,Nuclear,Nuclear,Nuclear,Nuclear,Non-VRE,Non-VRE,Nuclear,Nuclear,Dispatchable,Yes,No,Generator,Nuclear,Y,Nuclear
NEW Oil CHP MaxMin,Oil_CHP,Steam turbine (Gas/Oil),Excluded,Steam turbine (Gas/Oil),Steam turbine (Gas/Oil),OCGT,Oil,1,Oil-GT,Oil,Oil,Non-VRE,2,4,Oil,Oil,CHP,CHP,Thermal,Oil,Non-VRE,Non-VRE,PLTD,Oil_GT,Constrained,No,Yes,Generator,Gas,Y,Gas
NEW Oil GT,Oil_GT,Diesel power plant,Gas turbine,OCGT,OCGT,OCGT,Oil,1,Oil-GT,Oil,Oil,Non-VRE,2,4,Oil,Oil,Thermal,Oil,Thermal,Oil,Non-VRE,Non-VRE,PLTD,Oil_GT,Dispatchable,Yes,Yes,Generator,Gas,Y,Gas
NEW Oil Steam,Oil_Steam,CCGT,Gas turbine,Steam turbine (Gas/Oil),Steam turbine (Gas/Oil),OCGT,Oil,1,Oil-CCGT,Oil,Oil,Non-VRE,4,6,Oil,Oil,Thermal,Oil,Thermal,Oil,Non-VRE,Non-VRE,PLTDG,Oil_CCGT,Dispatchable,Yes,No,Generator,Gas,Y,Gas
Nuclear,Nuclear,Nuclear,Excluded,Nuclear,Nuclear,Nuclear,Uranium,1,Nuclear,Uranium,Uranium,Non-VRE,2,4,Nuclear,Nuclear,Nuclear,Nuclear,Nuclear,Nuclear,Non-VRE,Non-VRE,Nuclear,Nuclear,Dispatchable,Yes,No,Generator,Nuclear,N,Nuclear
Oil CHP MaxMin,Oil_CHP,Steam turbine (Gas/Oil),Excluded,Steam turbine (Gas/Oil),Steam turbine (Gas/Oil),OCGT,Oil,1,Oil-Steam,Oil,Oil,Non-VRE,2,4,Oil,Oil,CHP,CHP,Thermal,Oil,Non-VRE,Non-VRE,PLTDG,Oil_Steam,Constrained,No,Yes,Generator,Gas,N,Gas
Oil GT 1,Oil_GT,Diesel power plant,Excluded,OCGT,OCGT,OCGT,Oil,1,Oil-GT,Oil,Oil,Non-VRE,2,4,Oil,Oil,Thermal,Oil,Thermal,Oil,Non-VRE,Non-VRE,PLTD,Oil_GT,Dispatchable,Yes,Yes,Generator,Gas,N,Gas
Oil GT 2,Oil_GT,Diesel power plant,Excluded,OCGT,OCGT,OCGT,Oil,1,Oil-GT,Oil,Oil,Non-VRE,2,4,Oil,Oil,Thermal,Oil,Thermal,Oil,Non-VRE,Non-VRE,PLTD,Oil_GT,Dispatchable,Yes,Yes,Generator,Gas,N,Gas
Oil GT 3,Oil_GT,Diesel power plant,Excluded,OCGT,OCGT,OCGT,Oil,1,Oil-GT,Oil,Oil,Non-VRE,2,4,Oil,Oil,Thermal,Oil,Thermal,Oil,Non-VRE,Non-VRE,PLTDG,Oil_GT,Dispatchable,Yes,Yes,Generator,Gas,N,Gas
Oil GT 4,Oil_GT,Diesel power plant,Excluded,OCGT,OCGT,OCGT,Oil,1,Oil-GT,Oil,Oil,Non-VRE,2,4,Oil,Oil,Thermal,Oil,Thermal,Oil,Non-VRE,Non-VRE,PLTDG,Oil_GT,Dispatchable,Yes,Yes,Generator,Gas,N,Gas
Oil GT 5,Oil_GT,Diesel power plant,Excluded,OCGT,OCGT,OCGT,Oil,1,Oil-GT,Oil,Oil,Non-VRE,2,4,Oil,Oil,Thermal,Oil,Thermal,Oil,Non-VRE,Non-VRE,PLTDG,Oil_GT,Dispatchable,Yes,Yes,Generator,Gas,N,Gas
Oil Steam 1,Oil_Steam,CCGT,Excluded,Steam turbine (Gas/Oil),Steam turbine (Gas/Oil),OCGT,Oil,1,Oil-CCGT,Oil,Oil,Non-VRE,4,6,Oil,Oil,Thermal,Oil,Thermal,Oil,Non-VRE,Non-VRE,PLTDG,Oil_CCGT,Dispatchable,Yes,No,Generator,Gas,N,Gas
Oil Steam 2,Oil_Steam,CCGT,Excluded,Steam turbine (Gas/Oil),Steam turbine (Gas/Oil),OCGT,Oil,1,Oil-CCGT,Oil,Oil,Non-VRE,4,6,Oil,Oil,Thermal,Oil,Thermal,Oil,Non-VRE,Non-VRE,PLTDG,Oil_CCGT,Dispatchable,Yes,No,Generator,Gas,N,Gas
Oil Steam 3,Oil_Steam,CCGT,Excluded,Steam turbine (Gas/Oil),Steam turbine (Gas/Oil),OCGT,Oil,1,Oil-CCGT,Oil,Oil,Non-VRE,4,6,Oil,Oil,Thermal,Oil,Thermal,Oil,Non-VRE,Non-VRE,PLTDG,Oil_CCGT,Dispatchable,Yes,No,Generator,Gas,N,Gas
Oil Steam 4,Oil_Steam,CCGT,Excluded,Steam turbine (Gas/Oil),Steam turbine (Gas/Oil),OCGT,Oil,1,Oil-CCGT,Oil,Oil,Non-VRE,4,6,Oil,Oil,Thermal,Oil,Thermal,Oil,Non-VRE,Non-VRE,PLTDG,Oil_CCGT,Dispatchable,Yes,No,Generator,Gas,N,Gas
Oil Steam 5,Oil_Steam,CCGT,Excluded,Steam turbine (Gas/Oil),Steam turbine (Gas/Oil),OCGT,Oil,1,Oil-CCGT,Oil,Oil,Non-VRE,4,6,Oil,Oil,Thermal,Oil,Thermal,Oil,Non-VRE,Non-VRE,PLTDG,Oil_CCGT,Dispatchable,Yes,No,Generator,Gas,N,Gas
Refurbishment Coal Subcritical Lignite,Coal_Subcritical_Lignite,Coal Subcritical,Excluded,Coal subcritical,Coal subcritical,Lignite,Lignite,1,Bituminous coal,Bituminous coal,Bituminous coal,Non-VRE,2,4,Coal,Coal,Thermal,Coal,Thermal,Coal,Non-VRE,Non-VRE,PLTU,Coal_Subcritical,Dispatchable,Yes,No,Generator,Coal,Y,Coal
Refurbishment Coal Subcritical Steam,Coal_Subcritical_Hard,Coal Subcritical,Excluded,Coal subcritical,Coal subcritical,Coal,Bituminous coal,1,Bituminous coal,Bituminous coal,Bituminous coal,Non-VRE,2,4,Coal,Coal,Thermal,Coal,Thermal,Coal,Non-VRE,Non-VRE,PLTU,Coal_Subcritical,Dispatchable,Yes,No,Generator,Coal,Y,Coal
Refurbishment Coal Supercritical Lignite,Coal_Supercritical,Coal Supercritical,Excluded,Coal supercritical,Coal supercritical,Lignite,Lignite,1,Bituminous coal,Bituminous coal,Bituminous coal,Non-VRE,2,4,Coal,Coal,Thermal,Coal,Thermal,Coal,Non-VRE,Non-VRE,PLTUs,Coal_Supercritical,Dispatchable,Yes,No,Generator,Coal,Y,Coal
Refurbishment Coal Supercritical Steam,Coal_Supercritical,Coal Supercritical,Excluded,Coal supercritical,Coal supercritical,Coal,Bituminous coal,1,Bituminous coal,Bituminous coal,Bituminous coal,Non-VRE,2,4,Coal,Coal,Thermal,Coal,Thermal,Coal,Non-VRE,Non-VRE,PLTU_ult,Coal_Ultrasupercritical,Dispatchable,Yes,No,Generator,Coal,Y,Coal
Refurbishment Gas CCGT,Gas_CCGT,CCGT,Excluded,CCGT,CCGT,CCGT,Gas,1,Gas-CCGT,Gas-CCGT,Gas,Non-VRE,4,6,Gas,Gas,Thermal,CCGT,Thermal,Gas,Non-VRE,Non-VRE,PLTGU,Gas_CCGT,Dispatchable,Yes,No,Generator,Gas,Y,Gas
Refurbishment Gas GT,Gas_GT,SCGT,Excluded,OCGT,OCGT,OCGT,Gas,1,Gas-OCGT,Gas-OCGT,Gas,Non-VRE,4,6,Gas,Gas,Thermal,OCGT,Thermal,Gas,Non-VRE,Non-VRE,PLTG/MG,Gas_GT,Dispatchable,Yes,Yes,Generator,Gas,Y,Gas
Refurbishment Gas Steam,Gas_Steam,Steam turbine (Gas/Oil),Excluded,Steam turbine (Gas/Oil),Steam turbine (Gas/Oil),OCGT,Gas,1,Gas-steam,Gas-steam,Gas,Non-VRE,4,6,Gas,Gas,Thermal,Thermal_gas,Thermal,Gas,Non-VRE,Non-VRE,PLTGU,Gas_steam,Dispatchable,Yes,No,Generator,Gas,Y,Gas
Refurbishment Oil GT,Oil_GT,Diesel power plant,Excluded,Steam turbine (Gas/Oil),Steam turbine (Gas/Oil),OCGT,Oil,1,Oil-GT,Oil,Oil,Non-VRE,2,4,Oil,Oil,Thermal,Oil,Thermal,Oil,Non-VRE,Non-VRE,PLTD,Oil,Dispatchable,Yes,Yes,Generator,Gas,Y,Gas
Refurbishment Oil Steam,Oil_Steam,Steam turbine (Gas/Oil),Excluded,Steam turbine (Gas/Oil),Steam turbine (Gas/Oil),OCGT,Oil,1,Oil-Steam,Oil,Oil,Non-VRE,4,6,Oil,Oil,Thermal,Oil,Thermal,Oil,Non-VRE,Non-VRE,PLTDG,Oil,Dispatchable,Yes,No,Generator,Gas,Y,Gas
Solar CSP,Solar_CSP,Solar CSP,Excluded,Solar CSP,Solar CSP,Solar CSP,Solar,1,Solar,Solar,Solar,Non-VRE,0,0,Solar,Solar,Solar,Solar,RES,Other,Non-VRE,Non-VRE,CSP,ConcentratedSolarPower,Dispatchable,Yes,No,Generator,Solar,Y,Solar
Solar PV Buildings,Solar_PV_Buildings,Rooftop PV,Excluded,Solar PV Buildings,Solar PV Buildings,Solar PV Buildings,Solar,1,Solar,Solar,Solar,VRE,0,0,Solar,Solar,Solar,Solar,RES,SolarPV,Solar,Solar,PLTS,SolarPV,VRE,Yes,No,Generator,Solar,Y,Solar
Solar PV Utility,Solar_PV_Utility,Ground-mounted PV,Excluded,Solar PV Utility,Solar PV Utility,Solar PV Utility,Solar,1,Solar,Solar,Solar,VRE,0,0,Solar,Solar,Solar,Solar,RES,SolarPV,Solar,Solar,PLTS,SolarPV,VRE,Yes,No,Generator,Solar,Y,Solar
Battery,Battery_utility_4h,Batteries,Excluded,Battery,Battery,Battery,#N/A,1,Battery,Battery,Battery,Battery,0,0,Battery,Storage,Battery,Battery,Battery,Battery,Battery,Battery,Battery,Battery,Battery,Yes,No,Battery,Battery,Y,Battery
Co-located battery,Battery_distributed,Batteries,Excluded,Battery,Battery,Battery,#N/A,1,Battery,Battery,Battery,Battery,0,0,Battery,Battery,Battery,Battery,Battery,Battery,Battery,Battery,Battery,Battery,Battery,Yes,No,Battery,Battery,N,Battery
Tide And Wave,Marine,Tidal Stream,Excluded,Ocean energy,Ocean energy,,Marine,1,Ocean,Ocean,Ocean,Non-VRE,0,0,Marine,Other,Marine,Ocean,RES,Other,Ocean,Ocean,Marine,Marine,Constrained,Yes,No,Generator,RES,N,RES
Waste to Energy,Waste,Biomass power plant (small),Excluded,Solid biomass,Solid biomass,Biomass,#N/A,1,Biomass,Biomass,Biomass,Non-VRE,2,4,Bioenergy,Bioenergy,Bioenergy,Biomass,RES,Other,Non-VRE,Non-VRE,PLTBM,Bioenergy,Constrained,Yes,No,Generator,RES,N,RES
Wind Offshore,Wind_Offshore,Wind Offshore,Excluded,Wind offshore,Wind offshore,Wind Offshore,Wind,1,Wind,Wind,Wind,VRE,0,0,Wind,Wind,Wind,Wind,RES,Wind,Wind,Wind,PLTB,Wind,VRE,Yes,No,Generator,Wind,Y,Wind
Wind Onshore,Wind_Onshore,Wind Onshore,Excluded,Wind onshore,Wind onshore,Wind Onshore,Wind,1,Wind,Wind,Wind,VRE,0,0,Wind,Wind,Wind,Wind,RES,Wind,Wind,Wind,PLTB,Wind,VRE,Yes,No,Generator,Wind,Y,Wind
Shed1h,DSM shed,Shed,Excluded,Shed,Shed,,#N/A,1,DSM,DSM,DSM,DSM,0,0,DSM,DSM,DSM,DSM,DSM,Other,DSM,DSM,DSM,DSM,DSM,Yes,No,DSM_Generator,Exclude,N,Exclude
Shed4h,DSM shed,Shed,Excluded,Shed,Shed,,#N/A,1,DSM,DSM,DSM,DSM,0,0,DSM,DSM,DSM,DSM,DSM,Other,DSM,DSM,DSM,DSM,DSM,Yes,No,DSM_Generator,Exclude,N,Exclude
Shed10h,DSM shed,Shed,Excluded,Shed,Shed,,#N/A,1,DSM,DSM,DSM,DSM,0,0,DSM,DSM,DSM,DSM,DSM,Other,DSM,DSM,DSM,DSM,DSM,Yes,No,DSM_Generator,Exclude,N,Exclude
Hydro Pumpback PSH,Hydro_Pumpback_PSH,Hydro pumped storage,Excluded,Hydro PSH,Hydro PSH,PSH,Hydro,1,Hydro,Hydro,Hydro,Non-VRE,2,4,Hydro,Hydro,Hydro,Hydro,Hydro,Hydro,Non-VRE,Non-VRE,PLTAr,Hydro,Pump,Yes,Yes,Generator,RES,N,RES
Hydro Pumpback Conv,Hydro_Pumpback_PSH,Large hydro power plant,Excluded,Hydro Reservoir,Hydro Reservoir,Hydro,Hydro,1,Hydro,Hydro,Hydro,Non-VRE,2,4,Hydro,Hydro,Hydro,Hydro,Hydro,Hydro,Non-VRE,Non-VRE,PLTAr,Hydro,Dispatchable,Yes,Yes,Generator,RES,N,RES
Installed capacity stand alone battery,Battery_utility_4h,Batteries,Excluded,Battery,Battery,Battery,#N/A,1,Battery,Battery,Battery,Battery,0,0,Battery,Battery,Battery,Battery,Battery,Battery,Battery,Battery,Battery,Battery,Battery,Yes,No,Battery,Battery,N,Battery
Emissions,#N/A,#N/A,Excluded,#N/A,#N/A,#N/A,Emissions,#N/A,Emissions,Emissions,Emissions,#N/A,#N/A,#N/A,Emissions,Emissions,Emissions,Emissions,#N/A,#N/A,#N/A,#N/A,#N/A,#N/A,#N/A,#N/A,#N/A,#N/A,#N/A,N,RES
Fuel,#N/A,#N/A,Excluded,#N/A,#N/A,#N/A,Fuel,#N/A,Fuel,Fuel,Fuel,#N/A,#N/A,#N/A,Fuel,Fuel,Fuel,Fuel,#N/A,#N/A,#N/A,#N/A,#N/A,#N/A,#N/A,#N/A,#N/A,#N/A,#N/A,N,RES
Line,#N/A,#N/A,Excluded,#N/A,#N/A,#N/A,Line,#N/A,Line,Line,Line,#N/A,#N/A,#N/A,Line,Line,Line,Line,#N/A,#N/A,#N/A,#N/A,#N/A,#N/A,#N/A,#N/A,#N/A,#N/A,#N/A,N,RES
Purchaser,#N/A,#N/A,Excluded,#N/A,#N/A,#N/A,Purchaser,#N/A,Purchaser,Purchaser,Purchaser,#N/A,#N/A,#N/A,Purchaser,Purchaser,Purchaser,Purchaser,#N/A,#N/A,#N/A,#N/A,#N/A,#N/A,#N/A,#N/A,#N/A,#N/A,#N/A,N,#N/A
Node,#N/A,#N/A,Excluded,#N/A,#N/A,#N/A,Node,#N/A,Node,Node,Node,#N/A,#N/A,#N/A,Node,Node,Node,Node,#N/A,#N/A,#N/A,#N/A,#N/A,#N/A,#N/A,#N/A,#N/A,#N/A,#N/A,N,#N/A
Region,#N/A,#N/A,Excluded,#N/A,#N/A,#N/A,Region,#N/A,Region,Region,Region,#N/A,#N/A,#N/A,Region,Region,Region,Region,#N/A,#N/A,#N/A,#N/A,#N/A,#N/A,#N/A,#N/A,#N/A,#N/A,#N/A,N,#N/A
Reserve,#N/A,#N/A,Excluded,#N/A,#N/A,#N/A,Reserve,#N/A,Reserve,Reserve,Reserve,#N/A,#N/A,#N/A,Reserve,Reserve,Reserve,Reserve,#N/A,#N/A,#N/A,#N/A,#N/A,#N/A,#N/A,#N/A,#N/A,#N/A,#N/A,N,#N/A
Coal IGCC New with NH3 Retrofit,Coal_IGCC,IGCC,IGCC,IGCC,IGCC,IGCC,Bituminous coal,1,Bituminous coal,IGCC,Coal,Non-VRE,2,4,Coal,Clean fuels,Thermal,Coal,Bituminous coal,Bituminous coal,Bituminous coal,Non-VRE,PLTU,Coal_IGCC,Dispatchable,Yes,No,Generator,Coal,Y,#N/A
Coal IGCC with NH3 Retrofit,Coal_IGCC,IGCC,Excluded,IGCC,IGCC,IGCC,Bituminous coal,1,Bituminous coal,IGCC,Coal,Non-VRE,2,4,Coal,Clean fuels,Thermal,Coal,Bituminous coal,Bituminous coal,Bituminous coal,Non-VRE,PLTU,Coal_IGCC,Dispatchable,Yes,No,Generator,Coal,N,#N/A
Coal Lignite New with NH3 Retrofit,Coal_Subcritical_Lignite,Coal Supercritical,Steam Coal - ULTRASUPERCRITICAL,Coal lignite,Coal lignite NEW,Lignite,Lignite,1,Lignite,Coal Supercritical,Coal,Non-VRE,2,4,Coal,Clean fuels,Thermal,Coal,Lignite,Lignite,Lignite,Non-VRE,PLTU,Coal_Subcritical,Dispatchable,Yes,No,Generator,Coal,Y,#N/A
Coal Subcritical Lignite with NH3 Retrofit,Coal_Subcritical_Lignite,Coal Subcritical,Excluded,Coal lignite,Coal lignite,Lignite,Lignite,1,Lignite,Coal Subcritical,Coal,Non-VRE,2,4,Coal,Clean fuels,Thermal,Coal,Lignite,Lignite,Lignite,Non-VRE,PLTU,Coal_Subcritical,Dispatchable,Yes,No,Generator,Coal,N,#N/A
Coal Subcritical New with NH3 Retrofit,Coal_Subcritical_Hard,Coal Subcritical,Steam Coal - SUBCRITICAL,Coal subcritical,Coal subcritical NEW,Coal,Bituminous coal,1,Bituminous coal,Coal Subcritical,Coal,Non-VRE,2,4,Coal,Clean fuels,Thermal,Coal,Bituminous coal,Bituminous coal,Bituminous coal,Non-VRE,PLTU,Coal_Subcritical,Dispatchable,Yes,No,Generator,Coal,Y,#N/A
Coal Subcritical Steam with NH3 Retrofit,Coal_Subcritical_Hard,Coal Subcritical,Excluded,Coal subcritical,Coal subcritical,Coal,Bituminous coal,1,Bituminous coal,Coal Subcritical,Coal,Non-VRE,2,4,Coal,Clean fuels,Thermal,Coal,Bituminous coal,Bituminous coal,Bituminous coal,Non-VRE,PLTU,Coal_Subcritical,Dispatchable,Yes,No,Generator,Coal,N,Coal
Coal Supercritical Lignite with NH3 Retrofit,Coal_Supercritical,Coal Supercritical,Excluded,Coal supercritical,Coal supercritical,Coal,Bituminous coal,1,Bituminous coal,Coal Supercritical,Coal,Non-VRE,2,4,Coal,Clean fuels,Thermal,Coal,Bituminous coal,Bituminous coal,Bituminous coal,Non-VRE,PLTUs,Coal_Supercritical,Dispatchable,Yes,No,Generator,Coal,N,Coal
Coal Supercritical New with NH3 Retrofit,Coal_Supercritical,Coal Supercritical,Steam Coal - SUPERCRITICAL,Coal supercritical,Coal supercritical NEW,Coal,Bituminous coal,1,Bituminous coal,Coal Supercritical,Coal,Non-VRE,2,4,Coal,Clean fuels,Thermal,Coal,Bituminous coal,Bituminous coal,Bituminous coal,Non-VRE,PLTUs,Coal_Supercritical,Dispatchable,Yes,No,Generator,Coal,Y,Coal
Coal Supercritical Steam with NH3 Retrofit,Coal_Supercritical,Coal Supercritical,Excluded,Coal supercritical,Coal supercritical,Coal,Bituminous coal,1,Bituminous coal,Coal Supercritical,Coal,Non-VRE,2,4,Coal,Clean fuels,Thermal,Coal,Bituminous coal,Bituminous coal,Bituminous coal,Non-VRE,PLTUs,Coal_Supercritical,Dispatchable,Yes,No,Generator,Coal,N,Coal
Coal Ultrasupercritical Lignite with NH3 Retrofit,Coal_Ultrasupercritical,Coal Ultra supercritical,Excluded,Coal ultrasupercritical,Coal ultrasupercritical,Coal,Bituminous coal,1,Bituminous coal,Coal Ultra supercritical,Coal,Non-VRE,2,4,Coal,Clean fuels,Thermal,Coal,Bituminous coal,Bituminous coal,Bituminous coal,Non-VRE,PLTU_ult,Coal_Supercritical,Dispatchable,Yes,No,Generator,Coal,N,Coal
Coal Ultrasupercritical New with NH3 Retrofit,Coal_Ultrasupercritical,Coal Ultra supercritical,Steam Coal - ULTRASUPERCRITICAL,Coal ultrasupercritical,Coal ultrasupercritical NEW,Coal,Bituminous coal,1,Bituminous coal,Coal Ultra supercritical,Coal,Non-VRE,2,4,Coal,Clean fuels,Thermal,Coal,Bituminous coal,Bituminous coal,Bituminous coal,Non-VRE,PLTU_ult,Coal_Ultrasupercritical,Dispatchable,Yes,No,Generator,Coal,Y,Coal
Coal Ultrasupercritical Steam with NH3 Retrofit,Coal_Ultrasupercritical,Coal Ultra supercritical,Steam Coal - ULTRASUPERCRITICAL,Coal ultrasupercritical,Coal ultrasupercritical NEW,Coal,Bituminous coal,1,Bituminous coal,Coal Ultra supercritical,Coal,Non-VRE,2,4,Coal,Clean fuels,Thermal,Coal,Bituminous coal,Bituminous coal,Bituminous coal,Non-VRE,PLTU_ult,Coal_Ultrasupercritical,Dispatchable,Yes,No,Generator,Coal,Y,Coal
Fuel Cell with H2 Retrofit,Fuel_cell,Fuel cell,Excluded,Fuel cell,Fuel cell,,Fuel Cell,1,Fuel Cell,Fuel cell,Fuel Cell,Non-VRE,2,4,Fuel Cell,Clean fuels,Fuel Cell,Fuel Cell,Fuel Cell,Fuel Cell,Fuel Cell,Non-VRE,PLTGU,Gas_CCGT,Dispatchable,Yes,No,Generator,Gas,N,Coal
Gas CCGT with H2 Retrofit,Gas_CCGT,CCGT,Excluded,CCGT,CCGT,CCGT,Gas,1,Gas-CCGT,CCGT,Gas,Non-VRE,4,6,Gas,Clean fuels,Thermal,Gas,Gas-CCGT,Gas-CCGT,Gas,Non-VRE,PLTGU,Gas_CCGT,Dispatchable,Yes,No,Generator,Gas,N,Coal
Gas GT with H2 Retrofit,Gas_GT,SCGT,Excluded,OCGT,OCGT,OCGT,Gas,1,Gas-OCGT,SCGT,Gas,Non-VRE,4,6,Gas,Clean fuels,Thermal,Gas,Gas-OCGT,Gas-OCGT,Gas,Non-VRE,PLTG/MG,Gas_GT,Dispatchable,Yes,Yes,Generator,Gas,N,Coal
Gas Steam with H2 Retrofit,Gas_Steam,CCGT,Excluded,Steam turbine (Gas/Oil),Steam turbine (Gas/Oil),OCGT,Gas,1,Gas-steam,CCGT,Gas,Non-VRE,4,6,Gas,Clean fuels,Thermal,Gas,Gas-steam,Gas-steam,Gas,Non-VRE,PLTGU,Gas_steam,Dispatchable,Yes,No,Generator,Gas,N,Coal
Battery1HR,Battery_utility_1h,Batteries,Excluded,Battery,Battery,Battery,#N/A,1,Battery,Battery,Battery,Battery,0,0,Battery,Battery,Battery,Battery,Battery,Battery,Battery,Battery,Battery,Battery,Battery,Yes,No,Battery,Battery,N,Coal
Battery2HR,Battery_utility_2h,Batteries,Excluded,Battery,Battery,Battery,#N/A,1,Battery,Battery,Battery,Battery,0,0,Battery,Battery,Battery,Battery,Battery,Battery,Battery,Battery,Battery,Battery,Battery,Yes,No,Battery,Battery,N,Gas
Battery4HR,Battery_utility_4h,Batteries,Excluded,Battery,Battery,Battery,#N/A,1,Battery,Battery,Battery,Battery,0,0,Battery,Battery,Battery,Battery,Battery,Battery,Battery,Battery,Battery,Battery,Battery,Yes,No,Battery,Battery,N,Gas
Battery8HR,Battery_utility_8h,Batteries,Excluded,Battery,Battery,Battery,#N/A,1,Battery,Battery,Battery,Battery,0,0,Battery,Battery,Battery,Battery,Battery,Battery,Battery,Battery,Battery,Battery,Battery,Yes,No,Battery,Battery,N,Gas
Battery_BTM,Battery_distributed,Batteries,Excluded,Battery,Battery,Battery,#N/A,1,Battery,Battery,Battery,Battery,0,0,Battery,Battery,Battery,Battery,Battery,Battery,Battery,Battery,Battery,Battery,Battery,Yes,No,Battery,,,Battery
